388,Longest Absolute File Path,41.8%,Medium,5.91308589037544, https://leetcode.com/problems/longest-absolute-file-path,
683,K Empty Slots,35.6%,Hard,5.78076514510448, https://leetcode.com/problems/k-empty-slots,
681,Next Closest Time,45.0%,Medium,5.64844439983352, https://leetcode.com/problems/next-closest-time,
1,Two Sum,45.6%,Easy,5.64498290352094, https://leetcode.com/problems/two-sum,
929,Unique Email Addresses,67.4%,Easy,5.64125148079592, https://leetcode.com/problems/unique-email-addresses,
904,Fruit Into Baskets,42.5%,Medium,5.62200535077368, https://leetcode.com/problems/fruit-into-baskets,
482,License Key Formatting,43.1%,Easy,5.48968460550272, https://leetcode.com/problems/license-key-formatting,
308,Range Sum Query 2D - Mutable,35.6%,Hard,5.47989526500768, https://leetcode.com/problems/range-sum-query-2d-mutable,
1007,Minimum Domino Rotations For Equal Row,50.0%,Medium,5.34757451973672, https://leetcode.com/problems/minimum-domino-rotations-for-equal-row,
843,Guess the Word,46.1%,Hard,5.21525377446576, https://leetcode.com/problems/guess-the-word,
288,Unique Word Abbreviation,21.9%,Medium,5.0829330291948, https://leetcode.com/problems/unique-word-abbreviation,
489,Robot Room Cleaner,69.7%,Hard,4.95061228392385, https://leetcode.com/problems/robot-room-cleaner,
399,Evaluate Division,51.6%,Medium,4.93312794968876, https://leetcode.com/problems/evaluate-division,
975,Odd Even Jump,42.2%,Hard,4.89330238409204, https://leetcode.com/problems/odd-even-jump,
686,Repeated String Match,32.3%,Easy,4.83632528400368, https://leetcode.com/problems/repeated-string-match,
418,Sentence Screen Fitting,32.6%,Medium,4.78193332257639, https://leetcode.com/problems/sentence-screen-fitting,
753,Cracking the Safe,50.5%,Hard,4.69978681275896, https://leetcode.com/problems/cracking-the-safe,
271,Encode and Decode Strings,31.5%,Medium,4.67797529506861, https://leetcode.com/problems/encode-and-decode-strings,
361,Bomb Enemy,46.0%,Medium,4.67366484444046, https://leetcode.com/problems/bomb-enemy,
298,Binary Tree Longest Consecutive Sequence,47.1%,Medium,4.60175321552279, https://leetcode.com/problems/binary-tree-longest-consecutive-sequence,
281,Zigzag Iterator,58.4%,Medium,4.49793629481898, https://leetcode.com/problems/zigzag-iterator,
1057,Campus Bikes,57.7%,Medium,4.44794322872995, https://leetcode.com/problems/campus-bikes,
393,UTF-8 Validation,37.5%,Medium,4.44409222782119, https://leetcode.com/problems/utf-8-validation,
163,Missing Ranges,24.3%,Medium,4.31177148255023, https://leetcode.com/problems/missing-ranges,
159,Longest Substring with At Most Two Distinct Characters,49.4%,Medium,4.26245772572052, https://leetcode.com/problems/longest-substring-with-at-most-two-distinct-characters,
844,Backspace String Compare,46.4%,Easy,4.13013698044956, https://leetcode.com/problems/backspace-string-compare,
642,Design Search Autocomplete System,44.7%,Hard,4.12134837888091, https://leetcode.com/problems/design-search-autocomplete-system,
340,Longest Substring with At Most K Distinct Characters,44.1%,Hard,4.11870345874888, https://leetcode.com/problems/longest-substring-with-at-most-k-distinct-characters,
222,Count Complete Tree Nodes,46.8%,Medium,4.10483975324131, https://leetcode.com/problems/count-complete-tree-nodes,
568,Maximum Vacation Days,40.8%,Hard,4.0530812487266, https://leetcode.com/problems/maximum-vacation-days,
947,Most Stones Removed with Same Row or Column,55.2%,Medium,4.02302290047393, https://leetcode.com/problems/most-stones-removed-with-same-row-or-column,
410,Split Array Largest Sum,44.5%,Hard,4.00958851291407, https://leetcode.com/problems/split-array-largest-sum,
857,Minimum Cost to Hire K Workers,49.6%,Hard,3.97184597897204, https://leetcode.com/problems/minimum-cost-to-hire-k-workers,
939,Minimum Area Rectangle,51.8%,Medium,3.93637523110878, https://leetcode.com/problems/minimum-area-rectangle,
42,Trapping Rain Water,48.9%,Hard,3.92105987826116, https://leetcode.com/problems/trapping-rain-water,
218,The Skyline Problem,34.6%,Hard,3.88601016688418, https://leetcode.com/problems/the-skyline-problem,
248,Strobogrammatic Number III,39.6%,Hard,3.86371033917873, https://leetcode.com/problems/strobogrammatic-number-iii,
56,Merge Intervals,39.3%,Medium,3.8503178295938, https://leetcode.com/problems/merge-intervals,
394,Decode String,50.0%,Medium,3.82654461361224, https://leetcode.com/problems/decode-string,
200,Number of Islands,46.8%,Medium,3.80181466743265, https://leetcode.com/problems/number-of-islands,
296,Best Meeting Point,57.5%,Hard,3.78074426655127, https://leetcode.com/problems/best-meeting-point,
346,Moving Average from Data Stream,70.9%,Easy,3.75956133217515, https://leetcode.com/problems/moving-average-from-data-stream,
774,Minimize Max Distance to Gas Station,46.9%,Hard,3.70805531861931, https://leetcode.com/problems/minimize-max-distance-to-gas-station,
351,Android Unlock Patterns,48.4%,Medium,3.70074902966932, https://leetcode.com/problems/android-unlock-patterns,
66,Plus One,43.0%,Easy,3.69330519580199, https://leetcode.com/problems/plus-one,
146,LRU Cache,33.2%,Medium,3.68955645832426, https://leetcode.com/problems/lru-cache,
734,Sentence Similarity,42.1%,Easy,3.67790395006293, https://leetcode.com/problems/sentence-similarity,
359,Logger Rate Limiter,70.8%,Easy,3.67454853182677, https://leetcode.com/problems/logger-rate-limiter,
425,Word Squares,47.7%,Hard,3.6496648571499, https://leetcode.com/problems/word-squares,
809,Expressive Words,47.0%,Medium,3.6401350499765, https://leetcode.com/problems/expressive-words,
471,Encode String with Shortest Length,47.1%,Hard,3.62653262229674, https://leetcode.com/problems/encode-string-with-shortest-length,
679,24 Game,46.4%,Hard,3.56370030737389, https://leetcode.com/problems/24-game,
737,Sentence Similarity II,45.8%,Medium,3.55656312846758, https://leetcode.com/problems/sentence-similarity-ii,
228,Summary Ranges,39.5%,Medium,3.55195130350127, https://leetcode.com/problems/summary-ranges,
299,Bulls and Cows,42.4%,Easy,3.55160164254328, https://leetcode.com/problems/bulls-and-cows,
149,Max Points on a Line,16.9%,Hard,3.54141496718549, https://leetcode.com/problems/max-points-on-a-line,
305,Number of Islands II,40.1%,Hard,3.51914093648373, https://leetcode.com/problems/number-of-islands-ii,
2,Add Two Numbers,33.9%,Medium,3.51611324842746, https://leetcode.com/problems/add-two-numbers,
1096,Brace Expansion II,62.2%,Hard,3.50455589464931, https://leetcode.com/problems/brace-expansion-ii,
253,Meeting Rooms II,45.7%,Medium,3.50243869700429, https://leetcode.com/problems/meeting-rooms-ii,
1055,Shortest Way to Form String,56.9%,Medium,3.49457016302794, https://leetcode.com/problems/shortest-way-to-form-string,
158,Read N Characters Given Read4 II - Call multiple times,33.8%,Hard,3.48408428741081, https://leetcode.com/problems/read-n-characters-given-read4-ii-call-multiple-times,
465,Optimal Account Balancing,46.9%,Hard,3.46269799732302, https://leetcode.com/problems/optimal-account-balancing,
4,Median of Two Sorted Arrays,29.6%,Hard,3.45336856335666, https://leetcode.com/problems/median-of-two-sorted-arrays,
68,Text Justification,27.7%,Hard,3.4507992206503, https://leetcode.com/problems/text-justification,
803,Bricks Falling When Hit,30.8%,Hard,3.42685654107105, https://leetcode.com/problems/bricks-falling-when-hit,
1110,Delete Nodes And Return Forest,67.0%,Medium,3.41888569851198, https://leetcode.com/problems/delete-nodes-and-return-forest,
289,Game of Life,54.5%,Medium,3.41362889075604, https://leetcode.com/problems/game-of-life,
317,Shortest Distance from All Buildings,41.4%,Hard,3.40967200865313, https://leetcode.com/problems/shortest-distance-from-all-buildings,
1153,String Transforms Into Another String,35.8%,Hard,3.39089123824165, https://leetcode.com/problems/string-transforms-into-another-string,
833,Find And Replace in String,50.4%,Medium,3.38597368593402, https://leetcode.com/problems/find-and-replace-in-string,
1088,Confusing Number II,44.0%,Hard,3.34990408727461, https://leetcode.com/problems/confusing-number-ii,
750,Number Of Corner Rectangles,66.4%,Medium,3.2461546717212, https://leetcode.com/problems/number-of-corner-rectangles,
247,Strobogrammatic Number II,47.6%,Medium,3.24512985706438, https://leetcode.com/problems/strobogrammatic-number-ii,
315,Count of Smaller Numbers After Self,41.5%,Hard,3.2308315362449, https://leetcode.com/problems/count-of-smaller-numbers-after-self,
246,Strobogrammatic Number,45.0%,Easy,3.22362877965207, https://leetcode.com/problems/strobogrammatic-number,
1231,Divide Chocolate,52.4%,Hard,3.20827033438988, https://leetcode.com/problems/divide-chocolate,
304,Range Sum Query 2D - Immutable,38.6%,Medium,3.17725082267622, https://leetcode.com/problems/range-sum-query-2d-immutable,
818,Race Car,39.0%,Hard,3.16482351772981, https://leetcode.com/problems/race-car,
562,Longest Line of Consecutive One in Matrix,45.9%,Medium,3.14510967462859, https://leetcode.com/problems/longest-line-of-consecutive-one-in-matrix,
777,Swap Adjacent in LR String,34.8%,Medium,3.10737916823655, https://leetcode.com/problems/swap-adjacent-in-lr-string,
1168,Optimize Water Distribution in a Village,60.9%,Hard,3.10234200861225, https://leetcode.com/problems/optimize-water-distribution-in-a-village,
360,Sort Transformed Array,48.8%,Medium,3.0831372738512, https://leetcode.com/problems/sort-transformed-array,
10,Regular Expression Matching,26.8%,Hard,3.07471475059746, https://leetcode.com/problems/regular-expression-matching,
280,Wiggle Sort,63.8%,Medium,3.07330215528041, https://leetcode.com/problems/wiggle-sort,
524,Longest Word in Dictionary through Deleting,48.4%,Medium,3.07223952866307, https://leetcode.com/problems/longest-word-in-dictionary-through-deleting,
417,Pacific Atlantic Water Flow,41.1%,Medium,3.03981211342324, https://leetcode.com/problems/pacific-atlantic-water-flow,
23,Merge k Sorted Lists,40.2%,Hard,3.03938634448811, https://leetcode.com/problems/merge-k-sorted-lists,
1087,Brace Expansion,62.7%,Medium,3.02492579010763, https://leetcode.com/problems/brace-expansion,
329,Longest Increasing Path in a Matrix,43.4%,Hard,3.01947844243855, https://leetcode.com/problems/longest-increasing-path-in-a-matrix,
284,Peeking Iterator,45.7%,Medium,2.99399300518922, https://leetcode.com/problems/peeking-iterator,
205,Isomorphic Strings,39.8%,Easy,2.97438854645602, https://leetcode.com/problems/isomorphic-strings,
57,Insert Interval,33.5%,Hard,2.97402257970463, https://leetcode.com/problems/insert-interval,
85,Maximal Rectangle,37.7%,Hard,2.96402687371748, https://leetcode.com/problems/maximal-rectangle,
259,3Sum Smaller,47.6%,Medium,2.96139302764451, https://leetcode.com/problems/3sum-smaller,
736,Parse Lisp Expression,47.5%,Hard,2.95936462938312, https://leetcode.com/problems/parse-lisp-expression,
727,Minimum Window Subsequence,41.8%,Hard,2.95452690829827, https://leetcode.com/problems/minimum-window-subsequence,
544,Output Contest Matches,75.3%,Medium,2.92612344886001, https://leetcode.com/problems/output-contest-matches,
527,Word Abbreviation,54.3%,Hard,2.92612344886001, https://leetcode.com/problems/word-abbreviation,
279,Perfect Squares,47.4%,Medium,2.91889622460601, https://leetcode.com/problems/perfect-squares,
274,H-Index,36.1%,Medium,2.90812969609907, https://leetcode.com/problems/h-index,
3,Longest Substring Without Repeating Characters,30.4%,Medium,2.89945307265473, https://leetcode.com/problems/longest-substring-without-repeating-characters,
731,My Calendar II,49.1%,Medium,2.89406861977749, https://leetcode.com/problems/my-calendar-ii,
766,Toeplitz Matrix,65.1%,Easy,2.88013111193371, https://leetcode.com/problems/toeplitz-matrix,
294,Flip Game II,50.0%,Medium,2.87957606515677, https://leetcode.com/problems/flip-game-ii,
157,Read N Characters Given Read4,34.2%,Easy,2.86205150457547, https://leetcode.com/problems/read-n-characters-given-read4,
1146,Snapshot Array,37.0%,Medium,2.85399746551848, https://leetcode.com/problems/snapshot-array,
345,Reverse Vowels of a String,44.2%,Easy,2.84699761219506, https://leetcode.com/problems/reverse-vowels-of-a-string,
295,Find Median from Data Stream,44.3%,Hard,2.83001781507375, https://leetcode.com/problems/find-median-from-data-stream,
846,Hand of Straights,54.2%,Medium,2.81664470910527, https://leetcode.com/problems/hand-of-straights,
913,Cat and Mouse,31.3%,Hard,2.81229898790735, https://leetcode.com/problems/cat-and-mouse,
552,Student Attendance Record II,36.7%,Hard,2.76905139983893, https://leetcode.com/problems/student-attendance-record-ii,
1066,Campus Bikes II,54.2%,Medium,2.765835199224, https://leetcode.com/problems/campus-bikes-ii,
76,Minimum Window Substring,34.6%,Hard,2.7539065406151, https://leetcode.com/problems/minimum-window-substring,
363,Max Sum of Rectangle No Larger Than K,37.3%,Hard,2.70933143125826, https://leetcode.com/problems/max-sum-of-rectangle-no-larger-than-k,
849,Maximize Distance to Closest Person,42.6%,Easy,2.70914942752668, https://leetcode.com/problems/maximize-distance-to-closest-person,
54,Spiral Matrix,34.1%,Medium,2.70800609383333, https://leetcode.com/problems/spiral-matrix,
15,3Sum,26.8%,Medium,2.70227313501021, https://leetcode.com/problems/3sum,
221,Maximal Square,37.7%,Medium,2.68113040409972, https://leetcode.com/problems/maximal-square,
17,Letter Combinations of a Phone Number,46.8%,Medium,2.68025676002709, https://leetcode.com/problems/letter-combinations-of-a-phone-number,
616,Add Bold Tag in String,43.1%,Medium,2.66614436347825, https://leetcode.com/problems/add-bold-tag-in-string,
297,Serialize and Deserialize Binary Tree,47.5%,Hard,2.64844896643132, https://leetcode.com/problems/serialize-and-deserialize-binary-tree,
362,Design Hit Counter,63.7%,Medium,2.59839599056968, https://leetcode.com/problems/design-hit-counter,
981,Time Based Key-Value Store,53.1%,Medium,2.59757020250889, https://leetcode.com/problems/time-based-key-value-store,
276,Paint Fence,38.3%,Easy,2.59510239563222, https://leetcode.com/problems/paint-fence,
837,New 21 Game,34.6%,Medium,2.58423635840352, https://leetcode.com/problems/new-21-game,
224,Basic Calculator,36.8%,Hard,2.58047360196503, https://leetcode.com/problems/basic-calculator,
911,Online Election,50.4%,Medium,2.57851764831692, https://leetcode.com/problems/online-election,
558,Logical OR of Two Binary Grids Represented as Quad-Trees,44.6%,Medium,2.57181437298122, https://leetcode.com/problems/logical-or-of-two-binary-grids-represented-as-quad-trees,
687,Longest Univalue Path,36.2%,Easy,2.56796319599105, https://leetcode.com/problems/longest-univalue-path,
490,The Maze,51.4%,Medium,2.5593731348341, https://leetcode.com/problems/the-maze,
659,Split Array into Consecutive Subsequences,43.7%,Medium,2.52683820513692, https://leetcode.com/problems/split-array-into-consecutive-subsequences,
380,Insert Delete GetRandom O(1),47.5%,Medium,2.51840855476523, https://leetcode.com/problems/insert-delete-getrandom-o1,
715,Range Module,38.5%,Hard,2.51590275015696, https://leetcode.com/problems/range-module,
528,Random Pick with Weight,43.9%,Medium,2.50959622536169, https://leetcode.com/problems/random-pick-with-weight,
166,Fraction to Recurring Decimal,21.6%,Medium,2.50485062983019, https://leetcode.com/problems/fraction-to-recurring-decimal,
139,Word Break,40.1%,Medium,2.49886432593926, https://leetcode.com/problems/word-break,
403,Frog Jump,39.7%,Hard,2.48802064066786, https://leetcode.com/problems/frog-jump,
135,Candy,31.6%,Hard,2.47707140181794, https://leetcode.com/problems/candy,
406,Queue Reconstruction by Height,66.9%,Medium,2.46364369083562, https://leetcode.com/problems/queue-reconstruction-by-height,
20,Valid Parentheses,39.0%,Easy,2.45531334665381, https://leetcode.com/problems/valid-parentheses,
505,The Maze II,47.7%,Medium,2.45504435109557, https://leetcode.com/problems/the-maze-ii,
226,Invert Binary Tree,65.0%,Easy,2.43812358355381, https://leetcode.com/problems/invert-binary-tree,
723,Candy Crush,69.2%,Medium,2.41382932566241, https://leetcode.com/problems/candy-crush,
900,RLE Iterator,53.5%,Medium,2.41245157057258, https://leetcode.com/problems/rle-iterator,
375,Guess Number Higher or Lower II,40.3%,Medium,2.41220889597376, https://leetcode.com/problems/guess-number-higher-or-lower-ii,
457,Circular Array Loop,29.4%,Medium,2.40872374893595, https://leetcode.com/problems/circular-array-loop,
269,Alien Dictionary,33.3%,Hard,2.40196362666042, https://leetcode.com/problems/alien-dictionary,
722,Remove Comments,34.6%,Medium,2.39129956434935, https://leetcode.com/problems/remove-comments,
850,Rectangle Area II,47.5%,Hard,2.38985341200796, https://leetcode.com/problems/rectangle-area-ii,
128,Longest Consecutive Sequence,45.1%,Hard,2.38896923686643, https://leetcode.com/problems/longest-consecutive-sequence,
31,Next Permutation,32.6%,Medium,2.38456229175885, https://leetcode.com/problems/next-permutation,
1170,Compare Strings by Frequency of the Smallest Character,58.7%,Easy,2.38062119997254, https://leetcode.com/problems/compare-strings-by-frequency-of-the-smallest-character,
5,Longest Palindromic Substring,29.5%,Medium,2.37862554224405, https://leetcode.com/problems/longest-palindromic-substring,
318,Maximum Product of Word Lengths,51.2%,Medium,2.37762641551886, https://leetcode.com/problems/maximum-product-of-word-lengths,
353,Design Snake Game,34.2%,Medium,2.37494203443654, https://leetcode.com/problems/design-snake-game,
391,Perfect Rectangle,30.5%,Hard,2.36095435738285, https://leetcode.com/problems/perfect-rectangle,
249,Group Shifted Strings,55.1%,Medium,2.35897733205033, https://leetcode.com/problems/group-shifted-strings,
729,My Calendar I,51.8%,Medium,2.35128690623353, https://leetcode.com/problems/my-calendar-i,
341,Flatten Nested List Iterator,52.9%,Medium,2.33495166294969, https://leetcode.com/problems/flatten-nested-list-iterator,
951,Flip Equivalent Binary Trees,65.8%,Medium,2.32616915322451, https://leetcode.com/problems/flip-equivalent-binary-trees,
72,Edit Distance,44.8%,Hard,2.30868274936641, https://leetcode.com/problems/edit-distance,
320,Generalized Abbreviation,52.1%,Medium,2.28727237097072, https://leetcode.com/problems/generalized-abbreviation,
332,Reconstruct Itinerary,36.7%,Medium,2.26763226774709, https://leetcode.com/problems/reconstruct-itinerary,
835,Image Overlap,58.5%,Medium,2.26409880396289, https://leetcode.com/problems/image-overlap,
401,Binary Watch,47.5%,Easy,2.24679484252893, https://leetcode.com/problems/binary-watch,
354,Russian Doll Envelopes,35.6%,Hard,2.23607620112401, https://leetcode.com/problems/russian-doll-envelopes,
124,Binary Tree Maximum Path Sum,34.3%,Hard,2.22160934720811, https://leetcode.com/problems/binary-tree-maximum-path-sum,
444,Sequence Reconstruction,22.2%,Medium,2.21778604937402, https://leetcode.com/problems/sequence-reconstruction,
239,Sliding Window Maximum,43.0%,Hard,2.21052893112766, https://leetcode.com/problems/sliding-window-maximum,
943,Find the Shortest Superstring,42.9%,Hard,2.18312742758119, https://leetcode.com/problems/find-the-shortest-superstring,
400,Nth Digit,31.7%,Medium,2.16836775087424, https://leetcode.com/problems/nth-digit,
285,Inorder Successor in BST,40.4%,Medium,2.16677636531976, https://leetcode.com/problems/inorder-successor-in-bst,
43,Multiply Strings,33.9%,Medium,2.1663332897105, https://leetcode.com/problems/multiply-strings,
208,Implement Trie (Prefix Tree),49.4%,Medium,2.1624789340541, https://leetcode.com/problems/implement-trie-prefix-tree,
745,Prefix and Suffix Search,34.1%,Hard,2.16123097468831, https://leetcode.com/problems/prefix-and-suffix-search,
963,Minimum Area Rectangle II,50.9%,Medium,2.15721924272252, https://leetcode.com/problems/minimum-area-rectangle-ii,
788,Rotated Digits,57.1%,Easy,2.12835255907318, https://leetcode.com/problems/rotated-digits,
484,Find Permutation,60.5%,Medium,2.12301835887894, https://leetcode.com/problems/find-permutation,
369,Plus One Linked List,58.2%,Medium,2.10303736227652, https://leetcode.com/problems/plus-one-linked-list,
162,Find Peak Element,43.3%,Medium,2.09792314779327, https://leetcode.com/problems/find-peak-element,
133,Clone Graph,34.8%,Medium,2.09308376456486, https://leetcode.com/problems/clone-graph,
38,Count and Say,44.6%,Easy,2.08865909817087, https://leetcode.com/problems/count-and-say,
34,Find First and Last Position of Element in Sorted Array,36.2%,Medium,2.07719095311343, https://leetcode.com/problems/find-first-and-last-position-of-element-in-sorted-array,
447,Number of Boomerangs,51.8%,Easy,2.07071049118299, https://leetcode.com/problems/number-of-boomerangs,
336,Palindrome Pairs,33.7%,Hard,2.06873011694646, https://leetcode.com/problems/palindrome-pairs,
127,Word Ladder,29.6%,Medium,2.04512631814345, https://leetcode.com/problems/word-ladder,
91,Decode Ways,24.7%,Medium,2.04356154561403, https://leetcode.com/problems/decode-ways,
215,Kth Largest Element in an Array,55.4%,Medium,2.02456618468028, https://leetcode.com/problems/kth-largest-element-in-an-array,
946,Validate Stack Sequences,61.9%,Medium,2.01891516963203, https://leetcode.com/problems/validate-stack-sequences,
293,Flip Game,60.7%,Easy,2.00496789869891, https://leetcode.com/problems/flip-game,
33,Search in Rotated Sorted Array,34.5%,Medium,1.9828404934761, https://leetcode.com/problems/search-in-rotated-sorted-array,
459,Repeated Substring Pattern,42.2%,Easy,1.98128117089252, https://leetcode.com/problems/repeated-substring-pattern,
11,Container With Most Water,50.8%,Medium,1.97708706058928, https://leetcode.com/problems/container-with-most-water,
1032,Stream of Characters,48.3%,Hard,1.97446277826944, https://leetcode.com/problems/stream-of-characters,
334,Increasing Triplet Subsequence,40.0%,Medium,1.96786768968948, https://leetcode.com/problems/increasing-triplet-subsequence,
44,Wildcard Matching,24.7%,Hard,1.95795966788399, https://leetcode.com/problems/wildcard-matching,
325,Maximum Size Subarray Sum Equals k,46.8%,Medium,1.95733884487894, https://leetcode.com/problems/maximum-size-subarray-sum-equals-k,
497,Random Point in Non-overlapping Rectangles,37.8%,Medium,1.95733068717419, https://leetcode.com/problems/random-point-in-non-overlapping-rectangles,
817,Linked List Components,57.3%,Medium,1.95176382430677, https://leetcode.com/problems/linked-list-components,
286,Walls and Gates,54.5%,Medium,1.94876154313752, https://leetcode.com/problems/walls-and-gates,
1048,Longest String Chain,54.7%,Medium,1.94409311032769, https://leetcode.com/problems/longest-string-chain,
138,Copy List with Random Pointer,36.4%,Medium,1.94133073504138, https://leetcode.com/problems/copy-list-with-random-pointer,
815,Bus Routes,42.5%,Hard,1.93835046268706, https://leetcode.com/problems/bus-routes,
772,Basic Calculator III,41.3%,Hard,1.93133194589594, https://leetcode.com/problems/basic-calculator-iii,
173,Binary Search Tree Iterator,56.6%,Medium,1.91146670464853, https://leetcode.com/problems/binary-search-tree-iterator,
150,Evaluate Reverse Polish Notation,36.3%,Medium,1.90120415996728, https://leetcode.com/problems/evaluate-reverse-polish-notation,
743,Network Delay Time,45.0%,Medium,1.89546744995499, https://leetcode.com/problems/network-delay-time,
53,Maximum Subarray,46.5%,Easy,1.8935176696431, https://leetcode.com/problems/maximum-subarray,
752,Open the Lock,51.8%,Medium,1.88714507376796, https://leetcode.com/problems/open-the-lock,
130,Surrounded Regions,28.1%,Medium,1.88163813296357, https://leetcode.com/problems/surrounded-regions,
871,Minimum Number of Refueling Stops,31.4%,Hard,1.87262896487759, https://leetcode.com/problems/minimum-number-of-refueling-stops,
155,Min Stack,44.5%,Easy,1.87223233364086, https://leetcode.com/problems/min-stack,
685,Redundant Connection II,32.4%,Hard,1.87098226470339, https://leetcode.com/problems/redundant-connection-ii,
529,Minesweeper,59.1%,Medium,1.8679660780387, https://leetcode.com/problems/minesweeper,
800,Similar RGB Color,61.4%,Easy,1.86478460424294, https://leetcode.com/problems/similar-rgb-color,
1240,Tiling a Rectangle with the Fewest Squares,50.1%,Hard,1.86433016206289, https://leetcode.com/problems/tiling-a-rectangle-with-the-fewest-squares,
407,Trapping Rain Water II,42.4%,Hard,1.85905830495373, https://leetcode.com/problems/trapping-rain-water-ii,
168,Excel Sheet Column Title,31.1%,Easy,1.84982476572125, https://leetcode.com/problems/excel-sheet-column-title,
411,Minimum Unique Word Abbreviation,36.3%,Hard,1.84358453709264, https://leetcode.com/problems/minimum-unique-word-abbreviation,
161,One Edit Distance,32.3%,Medium,1.84349126395151, https://leetcode.com/problems/one-edit-distance,
427,Construct Quad Tree,61.4%,Medium,1.83039726193347, https://leetcode.com/problems/construct-quad-tree,
41,First Missing Positive,32.0%,Hard,1.82846300901607, https://leetcode.com/problems/first-missing-positive,
801,Minimum Swaps To Make Sequences Increasing,38.9%,Medium,1.81396228803643, https://leetcode.com/problems/minimum-swaps-to-make-sequences-increasing,
428,Serialize and Deserialize N-ary Tree,59.4%,Hard,1.81263705424961, https://leetcode.com/problems/serialize-and-deserialize-n-ary-tree,
498,Diagonal Traverse,48.2%,Medium,1.80736040967053, https://leetcode.com/problems/diagonal-traverse,
307,Range Sum Query - Mutable,34.6%,Medium,1.80154838811579, https://leetcode.com/problems/range-sum-query-mutable,
37,Sudoku Solver,43.6%,Hard,1.79252510742486, https://leetcode.com/problems/sudoku-solver,
324,Wiggle Sort II,29.9%,Medium,1.78684545442563, https://leetcode.com/problems/wiggle-sort-ii,
22,Generate Parentheses,62.7%,Medium,1.77578908739222, https://leetcode.com/problems/generate-parentheses,
853,Car Fleet,42.3%,Medium,1.77470668084534, https://leetcode.com/problems/car-fleet,
475,Heaters,33.1%,Easy,1.76649283962603, https://leetcode.com/problems/heaters,
463,Island Perimeter,65.7%,Easy,1.76623959499824, https://leetcode.com/problems/island-perimeter,
486,Predict the Winner,47.9%,Medium,1.76217453073825, https://leetcode.com/problems/predict-the-winner,
708,Insert into a Sorted Circular Linked List,31.6%,Medium,1.75137713178237, https://leetcode.com/problems/insert-into-a-sorted-circular-linked-list,
855,Exam Room,43.1%,Medium,1.74977177361238, https://leetcode.com/problems/exam-room,
591,Tag Validator,34.3%,Hard,1.7469089030627, https://leetcode.com/problems/tag-validator,
1197,Minimum Knight Moves,36.1%,Medium,1.74219658759917, https://leetcode.com/problems/minimum-knight-moves,
212,Word Search II,34.9%,Hard,1.71799391071335, https://leetcode.com/problems/word-search-ii,
684,Redundant Connection,57.4%,Medium,1.70204003933879, https://leetcode.com/problems/redundant-connection,
370,Range Addition,62.8%,Medium,1.70021750306416, https://leetcode.com/problems/range-addition,
250,Count Univalue Subtrees,52.0%,Medium,1.6983539933881, https://leetcode.com/problems/count-univalue-subtrees,
337,House Robber III,50.6%,Medium,1.69317994168258, https://leetcode.com/problems/house-robber-iii,
241,Different Ways to Add Parentheses,55.2%,Medium,1.67934036023987, https://leetcode.com/problems/different-ways-to-add-parentheses,
1145,Binary Tree Coloring Game,51.2%,Medium,1.67918007723631, https://leetcode.com/problems/binary-tree-coloring-game,
769,Max Chunks To Make Sorted,54.8%,Medium,1.66410344086496, https://leetcode.com/problems/max-chunks-to-make-sorted,
266,Palindrome Permutation,61.9%,Easy,1.65752011197219, https://leetcode.com/problems/palindrome-permutation,
392,Is Subsequence,49.2%,Easy,1.65259272365146, https://leetcode.com/problems/is-subsequence,
302,Smallest Rectangle Enclosing Black Pixels,51.6%,Hard,1.64538530024241, https://leetcode.com/problems/smallest-rectangle-enclosing-black-pixels,
792,Number of Matching Subsequences,47.4%,Medium,1.63562269142917, https://leetcode.com/problems/number-of-matching-subsequences,
710,Random Pick with Blacklist,32.5%,Hard,1.63554053633674, https://leetcode.com/problems/random-pick-with-blacklist,
767,Reorganize String,48.7%,Medium,1.62918804078025, https://leetcode.com/problems/reorganize-string,
510,Inorder Successor in BST II,58.0%,Medium,1.62767258274167, https://leetcode.com/problems/inorder-successor-in-bst-ii,
845,Longest Mountain in Array,37.2%,Medium,1.59672069531066, https://leetcode.com/problems/longest-mountain-in-array,
358,Rearrange String k Distance Apart,34.9%,Hard,1.59538615897845, https://leetcode.com/problems/rearrange-string-k-distance-apart,
84,Largest Rectangle in Histogram,35.2%,Hard,1.5830569771449, https://leetcode.com/problems/largest-rectangle-in-histogram,
48,Rotate Image,56.7%,Medium,1.58172669992045, https://leetcode.com/problems/rotate-image,
171,Excel Sheet Column Number,55.9%,Easy,1.5796139469791, https://leetcode.com/problems/excel-sheet-column-number,
229,Majority Element II,35.6%,Medium,1.56256510088798, https://leetcode.com/problems/majority-element-ii,
62,Unique Paths,54.1%,Medium,1.56070101224677, https://leetcode.com/problems/unique-paths,
776,Split BST,55.8%,Medium,1.55489046613487, https://leetcode.com/problems/split-bst,
115,Distinct Subsequences,38.3%,Hard,1.55349751040285, https://leetcode.com/problems/distinct-subsequences,
1438,Longest Continuous Subarray With Absolute Diff Less Than or Equal to Limit,42.1%,Medium,1.55157208031969, https://leetcode.com/problems/longest-continuous-subarray-with-absolute-diff-less-than-or-equal-to-limit,
499,The Maze III,41.0%,Hard,1.5441973905657, https://leetcode.com/problems/the-maze-iii,
935,Knight Dialer,45.2%,Medium,1.54368653487132, https://leetcode.com/problems/knight-dialer,
55,Jump Game,34.6%,Medium,1.5413078537703, https://leetcode.com/problems/jump-game,
852,Peak Index in a Mountain Array,71.6%,Easy,1.5411250817758, https://leetcode.com/problems/peak-index-in-a-mountain-array,
49,Group Anagrams,56.9%,Medium,1.53959393360519, https://leetcode.com/problems/group-anagrams,
121,Best Time to Buy and Sell Stock,50.5%,Easy,1.53940798608974, https://leetcode.com/problems/best-time-to-buy-and-sell-stock,
1074,Number of Submatrices That Sum to Target,60.4%,Hard,1.52957968958721, https://leetcode.com/problems/number-of-submatrices-that-sum-to-target,
894,All Possible Full Binary Trees,75.2%,Medium,1.49189038067303, https://leetcode.com/problems/all-possible-full-binary-trees,
1011,Capacity To Ship Packages Within D Days,58.1%,Medium,1.47453047800542, https://leetcode.com/problems/capacity-to-ship-packages-within-d-days,
21,Merge Two Sorted Lists,53.5%,Easy,1.46937169619431, https://leetcode.com/problems/merge-two-sorted-lists,
549,Binary Tree Longest Consecutive Sequence II,47.0%,Medium,1.46278592869796, https://leetcode.com/problems/binary-tree-longest-consecutive-sequence-ii,
126,Word Ladder II,22.1%,Hard,1.46073461707946, https://leetcode.com/problems/word-ladder-ii,
198,House Robber,42.0%,Easy,1.45307301833683, https://leetcode.com/problems/house-robber,
840,Magic Squares In Grid,37.3%,Easy,1.44878043806763, https://leetcode.com/problems/magic-squares-in-grid,
379,Design Phone Directory,46.8%,Medium,1.44141366034097, https://leetcode.com/problems/design-phone-directory,
36,Valid Sudoku,48.7%,Medium,1.43806332090743, https://leetcode.com/problems/valid-sudoku,
187,Repeated DNA Sequences,38.9%,Medium,1.43447530317095, https://leetcode.com/problems/repeated-dna-sequences,
1376,Time Needed to Inform All Employees,55.4%,Medium,1.42306320890698, https://leetcode.com/problems/time-needed-to-inform-all-employees,
460,LFU Cache,34.2%,Hard,1.42181933228228, https://leetcode.com/problems/lfu-cache,
206,Reverse Linked List,62.5%,Easy,1.41608057499168, https://leetcode.com/problems/reverse-linked-list,
635,Design Log Storage System,58.6%,Medium,1.40652851448386, https://leetcode.com/problems/design-log-storage-system,
676,Implement Magic Dictionary,54.5%,Medium,1.40157555735501, https://leetcode.com/problems/implement-magic-dictionary,
240,Search a 2D Matrix II,43.2%,Medium,1.39741215748184, https://leetcode.com/problems/search-a-2d-matrix-ii,
277,Find the Celebrity,41.8%,Medium,1.38986747258479, https://leetcode.com/problems/find-the-celebrity,
236,Lowest Common Ancestor of a Binary Tree,45.7%,Medium,1.37456010096751, https://leetcode.com/problems/lowest-common-ancestor-of-a-binary-tree,
373,Find K Pairs with Smallest Sums,36.7%,Medium,1.36969020606786, https://leetcode.com/problems/find-k-pairs-with-smallest-sums,
469,Convex Polygon,37.0%,Medium,1.36180334111159, https://leetcode.com/problems/convex-polygon,
389,Find the Difference,55.3%,Easy,1.35939469148225, https://leetcode.com/problems/find-the-difference,
8,String to Integer (atoi),15.4%,Medium,1.35417481169778, https://leetcode.com/problems/string-to-integer-atoi,
134,Gas Station,38.5%,Medium,1.35156473959237, https://leetcode.com/problems/gas-station,
1056,Confusing Number,48.6%,Easy,1.33524470176826, https://leetcode.com/problems/confusing-number,
604,Design Compressed String Iterator,37.5%,Easy,1.33500106673234, https://leetcode.com/problems/design-compressed-string-iterator,
65,Valid Number,15.3%,Hard,1.33439242398683, https://leetcode.com/problems/valid-number,
540,Single Element in a Sorted Array,57.9%,Medium,1.33326389073855, https://leetcode.com/problems/single-element-in-a-sorted-array,
327,Count of Range Sum,35.2%,Hard,1.31512731315141, https://leetcode.com/problems/count-of-range-sum,
64,Minimum Path Sum,54.5%,Medium,1.31116937157739, https://leetcode.com/problems/minimum-path-sum,
1293,Shortest Path in a Grid with Obstacles Elimination,42.8%,Hard,1.30857410328026, https://leetcode.com/problems/shortest-path-in-a-grid-with-obstacles-elimination,
63,Unique Paths II,34.6%,Medium,1.30289610646004, https://leetcode.com/problems/unique-paths-ii,
287,Find the Duplicate Number,55.5%,Medium,1.30018527375123, https://leetcode.com/problems/find-the-duplicate-number,
238,Product of Array Except Self,60.1%,Medium,1.29806498990845, https://leetcode.com/problems/product-of-array-except-self,
582,Kill Process,60.8%,Medium,1.29092971360129, https://leetcode.com/problems/kill-process,
760,Find Anagram Mappings,81.1%,Easy,1.28919687074147, https://leetcode.com/problems/find-anagram-mappings,
283,Move Zeroes,57.8%,Easy,1.28109837557847, https://leetcode.com/problems/move-zeroes,
300,Longest Increasing Subsequence,42.6%,Medium,1.26828861658021, https://leetcode.com/problems/longest-increasing-subsequence,
282,Expression Add Operators,35.5%,Hard,1.25601183425103, https://leetcode.com/problems/expression-add-operators,
1423,Maximum Points You Can Obtain from Cards,42.6%,Medium,1.25078785428425, https://leetcode.com/problems/maximum-points-you-can-obtain-from-cards,
688,Knight Probability in Chessboard,48.9%,Medium,1.24997977716358, https://leetcode.com/problems/knight-probability-in-chessboard,
251,Flatten 2D Vector,45.7%,Medium,1.24414965081725, https://leetcode.com/problems/flatten-2d-vector,
543,Diameter of Binary Tree,48.4%,Easy,1.24100948157433, https://leetcode.com/problems/diameter-of-binary-tree,
419,Battleships in a Board,70.0%,Medium,1.23540142129947, https://leetcode.com/problems/battleships-in-a-board,
46,Permutations,63.5%,Medium,1.23364338361239, https://leetcode.com/problems/permutations,
117,Populating Next Right Pointers in Each Node II,39.1%,Medium,1.2262318152453, https://leetcode.com/problems/populating-next-right-pointers-in-each-node-ii,
169,Majority Element,58.7%,Easy,1.22031454724142, https://leetcode.com/problems/majority-element,
381,Insert Delete GetRandom O(1) - Duplicates allowed,34.1%,Hard,1.21890316262946, https://leetcode.com/problems/insert-delete-getrandom-o1-duplicates-allowed,
702,Search in a Sorted Array of Unknown Size,66.9%,Medium,1.213288880529, https://leetcode.com/problems/search-in-a-sorted-array-of-unknown-size,
69,Sqrt(x),33.9%,Easy,1.21326454049498, https://leetcode.com/problems/sqrtx,
773,Sliding Puzzle,59.3%,Hard,1.21237117402477, https://leetcode.com/problems/sliding-puzzle,
1547,Minimum Cost to Cut a Stick,47.2%,Hard,1.20983792377833, https://leetcode.com/problems/minimum-cost-to-cut-a-stick,
652,Find Duplicate Subtrees,50.2%,Medium,1.20272979608634, https://leetcode.com/problems/find-duplicate-subtrees,
695,Max Area of Island,62.7%,Medium,1.20202389078713, https://leetcode.com/problems/max-area-of-island,
137,Single Number II,52.4%,Medium,1.19316771179785, https://leetcode.com/problems/single-number-ii,
97,Interleaving String,31.5%,Hard,1.18791908730144, https://leetcode.com/problems/interleaving-string,
14,Longest Common Prefix,35.4%,Easy,1.17812399853313, https://leetcode.com/problems/longest-common-prefix,
316,Remove Duplicate Letters,35.8%,Hard,1.17352953068391, https://leetcode.com/problems/remove-duplicate-letters,
96,Unique Binary Search Trees,52.9%,Medium,1.17270920712852, https://leetcode.com/problems/unique-binary-search-trees,
322,Coin Change,35.5%,Medium,1.17247026082053, https://leetcode.com/problems/coin-change,
214,Shortest Palindrome,29.8%,Hard,1.17126993424419, https://leetcode.com/problems/shortest-palindrome,
188,Best Time to Buy and Sell Stock IV,28.0%,Hard,1.16387910406874, https://leetcode.com/problems/best-time-to-buy-and-sell-stock-iv,
230,Kth Smallest Element in a BST,60.2%,Medium,1.15544400755436, https://leetcode.com/problems/kth-smallest-element-in-a-bst,
807,Max Increase to Keep City Skyline,83.7%,Medium,1.15466144005377, https://leetcode.com/problems/max-increase-to-keep-city-skyline,
98,Validate Binary Search Tree,27.8%,Medium,1.14714036398792, https://leetcode.com/problems/validate-binary-search-tree,
378,Kth Smallest Element in a Sorted Matrix,54.3%,Medium,1.14193554096471, https://leetcode.com/problems/kth-smallest-element-in-a-sorted-matrix,
356,Line Reflection,31.8%,Medium,1.14108971693523, https://leetcode.com/problems/line-reflection,
889,Construct Binary Tree from Preorder and Postorder Traversal,66.2%,Medium,1.13883108622627, https://leetcode.com/problems/construct-binary-tree-from-preorder-and-postorder-traversal,
261,Graph Valid Tree,42.2%,Medium,1.1348459115294, https://leetcode.com/problems/graph-valid-tree,
365,Water and Jug Problem,30.6%,Medium,1.13398391682039, https://leetcode.com/problems/water-and-jug-problem,
242,Valid Anagram,56.9%,Easy,1.13378614263691, https://leetcode.com/problems/valid-anagram,
535,Encode and Decode TinyURL,79.9%,Medium,1.13164410412879, https://leetcode.com/problems/encode-and-decode-tinyurl,
920,Number of Music Playlists,46.5%,Hard,1.12601126285622, https://leetcode.com/problems/number-of-music-playlists,
560,Subarray Sum Equals K,43.9%,Medium,1.12353063873025, https://leetcode.com/problems/subarray-sum-equals-k,
32,Longest Valid Parentheses,28.4%,Hard,1.11825038200635, https://leetcode.com/problems/longest-valid-parentheses,
660,Remove 9,53.3%,Hard,1.11365016603265, https://leetcode.com/problems/remove-9,
986,Interval List Intersections,67.3%,Medium,1.11018464446934, https://leetcode.com/problems/interval-list-intersections,
7,Reverse Integer,25.8%,Easy,1.10816089185633, https://leetcode.com/problems/reverse-integer,
50,Pow(x,n),30.3%,Medium,1.10706264972935, https://leetcode.com/problems/powx-n
310,Minimum Height Trees,32.3%,Medium,1.10067414506867, https://leetcode.com/problems/minimum-height-trees,
116,Populating Next Right Pointers in Each Node,45.2%,Medium,1.10020650079066, https://leetcode.com/problems/populating-next-right-pointers-in-each-node,
609,Find Duplicate File in System,59.5%,Medium,1.08307799570593, https://leetcode.com/problems/find-duplicate-file-in-system,
1284,Minimum Number of Flips to Convert Binary Matrix to Zero Matrix,69.5%,Hard,1.0768723020317, https://leetcode.com/problems/minimum-number-of-flips-to-convert-binary-matrix-to-zero-matrix,
1320,Minimum Distance to Type a Word Using Two Fingers,62.3%,Hard,1.07224159220556, https://leetcode.com/problems/minimum-distance-to-type-a-word-using-two-fingers,
110,Balanced Binary Tree,43.5%,Easy,1.07156912538168, https://leetcode.com/problems/balanced-binary-tree,
152,Maximum Product Subarray,31.7%,Medium,1.07114193712411, https://leetcode.com/problems/maximum-product-subarray,
636,Exclusive Time of Functions,51.9%,Medium,1.07060830468547, https://leetcode.com/problems/exclusive-time-of-functions,
1406,Stone Game III,56.1%,Hard,1.06673708013766, https://leetcode.com/problems/stone-game-iii,
207,Course Schedule,43.1%,Medium,1.06203881080092, https://leetcode.com/problems/course-schedule,
973,K Closest Points to Origin,63.8%,Medium,1.05643023696067, https://leetcode.com/problems/k-closest-points-to-origin,
382,Linked List Random Node,52.1%,Medium,1.05182529146363, https://leetcode.com/problems/linked-list-random-node,
518,Coin Change 2,50.2%,Medium,1.03507477211864, https://leetcode.com/problems/coin-change-2,
108,Convert Sorted Array to Binary Search Tree,57.9%,Easy,1.03122929142206, https://leetcode.com/problems/convert-sorted-array-to-binary-search-tree,
593,Valid Square,43.1%,Medium,1.02801499576559, https://leetcode.com/problems/valid-square,
132,Palindrome Partitioning II,30.2%,Hard,1.02505916311354, https://leetcode.com/problems/palindrome-partitioning-ii,
209,Minimum Size Subarray Sum,38.2%,Medium,1.02119486964317, https://leetcode.com/problems/minimum-size-subarray-sum,
890,Find and Replace Pattern,73.4%,Medium,1.01848835612347, https://leetcode.com/problems/find-and-replace-pattern,
932,Beautiful Array,58.3%,Medium,1.01616861945704, https://leetcode.com/problems/beautiful-array,
165,Compare Version Numbers,27.4%,Medium,1.01337194313443, https://leetcode.com/problems/compare-version-numbers,
551,Student Attendance Record I,46.0%,Easy,1.01312556462353, https://leetcode.com/problems/student-attendance-record-i,
273,Integer to English Words,27.1%,Hard,1.01168377888383, https://leetcode.com/problems/integer-to-english-words,
156,Binary Tree Upside Down,55.0%,Medium,1.00259763542852, https://leetcode.com/problems/binary-tree-upside-down,
384,Shuffle an Array,52.8%,Medium,0.991100943542345, https://leetcode.com/problems/shuffle-an-array,
254,Factor Combinations,46.7%,Medium,0.99070100149088, https://leetcode.com/problems/factor-combinations,
480,Sliding Window Median,37.2%,Hard,0.986175144070984, https://leetcode.com/problems/sliding-window-median,
140,Word Break II,32.6%,Hard,0.965893794069654, https://leetcode.com/problems/word-break-ii,
220,Contains Duplicate III,20.9%,Medium,0.960150927542337, https://leetcode.com/problems/contains-duplicate-iii,
202,Happy Number,50.4%,Easy,0.959083437674994, https://leetcode.com/problems/happy-number,
770,Basic Calculator IV,48.1%,Hard,0.958254930973187, https://leetcode.com/problems/basic-calculator-iv,
422,Valid Word Square,37.7%,Easy,0.956014083892002, https://leetcode.com/problems/valid-word-square,
1292,Maximum Side Length of a Square with Sum Less than or Equal to Threshold,48.6%,Medium,0.955511445027437, https://leetcode.com/problems/maximum-side-length-of-a-square-with-sum-less-than-or-equal-to-threshold,
836,Rectangle Overlap,48.6%,Easy,0.943746045304058, https://leetcode.com/problems/rectangle-overlap,
348,Design Tic-Tac-Toe,54.3%,Medium,0.943371690476826, https://leetcode.com/problems/design-tic-tac-toe,
12,Integer to Roman,55.1%,Medium,0.940669796034403, https://leetcode.com/problems/integer-to-roman,
721,Accounts Merge,48.8%,Medium,0.933866541008227, https://leetcode.com/problems/accounts-merge,
105,Construct Binary Tree from Preorder and Inorder Traversal,48.8%,Medium,0.93083104323616, https://leetcode.com/problems/construct-binary-tree-from-preorder-and-inorder-traversal,
335,Self Crossing,28.0%,Hard,0.921320080279157, https://leetcode.com/problems/self-crossing,
227,Basic Calculator II,36.9%,Medium,0.920151019340235, https://leetcode.com/problems/basic-calculator-ii,
167,Two Sum II - Input array is sorted,54.1%,Easy,0.9176979974587, https://leetcode.com/problems/two-sum-ii-input-array-is-sorted,
1352,Product of the Last K Numbers,43.6%,Medium,0.906210599086756, https://leetcode.com/problems/product-of-the-last-k-numbers,
120,Triangle,44.2%,Medium,0.903821575211843, https://leetcode.com/problems/triangle,
1121,Divide Array Into Increasing Sequences,56.9%,Hard,0.887303195000903, https://leetcode.com/problems/divide-array-into-increasing-sequences,
94,Binary Tree Inorder Traversal,63.3%,Medium,0.880608700622646, https://leetcode.com/problems/binary-tree-inorder-traversal,
412,Fizz Buzz,62.3%,Easy,0.879446193739206, https://leetcode.com/problems/fizz-buzz,
213,House Robber II,36.5%,Medium,0.877138784264779, https://leetcode.com/problems/house-robber-ii,
270,Closest Binary Search Tree Value,48.5%,Easy,0.875036865181349, https://leetcode.com/problems/closest-binary-search-tree-value,
235,Lowest Common Ancestor of a Binary Search Tree,49.9%,Easy,0.873128266814873, https://leetcode.com/problems/lowest-common-ancestor-of-a-binary-search-tree,
415,Add Strings,47.5%,Easy,0.870474055680279, https://leetcode.com/problems/add-strings,
347,Top K Frequent Elements,61.2%,Medium,0.86838777437729, https://leetcode.com/problems/top-k-frequent-elements,
311,Sparse Matrix Multiplication,61.9%,Medium,0.865588628754193, https://leetcode.com/problems/sparse-matrix-multiplication,
25,Reverse Nodes in k-Group,42.1%,Hard,0.857582414932757, https://leetcode.com/problems/reverse-nodes-in-k-group,
1000,Minimum Cost to Merge Stones,39.8%,Hard,0.84807607054321, https://leetcode.com/problems/minimum-cost-to-merge-stones,
739,Daily Temperatures,63.3%,Medium,0.847369880552881, https://leetcode.com/problems/daily-temperatures,
408,Valid Word Abbreviation,30.6%,Easy,0.846521161319031, https://leetcode.com/problems/valid-word-abbreviation,
252,Meeting Rooms,54.6%,Easy,0.844766213465424, https://leetcode.com/problems/meeting-rooms,
99,Recover Binary Search Tree,39.7%,Hard,0.839418523729723, https://leetcode.com/problems/recover-binary-search-tree,
640,Solve the Equation,42.0%,Medium,0.838920848049156, https://leetcode.com/problems/solve-the-equation,
79,Word Search,35.6%,Medium,0.835614701401496, https://leetcode.com/problems/word-search,
732,My Calendar III,60.0%,Hard,0.828692672556169, https://leetcode.com/problems/my-calendar-iii,
1024,Video Stitching,49.2%,Medium,0.825299867695663, https://leetcode.com/problems/video-stitching,
1036,Escape a Large Maze,35.4%,Hard,0.82417544296635, https://leetcode.com/problems/escape-a-large-maze,
692,Top K Frequent Words,51.8%,Medium,0.821975907161961, https://leetcode.com/problems/top-k-frequent-words,
1219,Path with Maximum Gold,65.1%,Medium,0.819636522298857, https://leetcode.com/problems/path-with-maximum-gold,
724,Find Pivot Index,44.0%,Easy,0.814796898011764, https://leetcode.com/problems/find-pivot-index,
914,X of a Kind in a Deck of Cards,35.1%,Easy,0.814231638825383, https://leetcode.com/problems/x-of-a-kind-in-a-deck-of-cards,
398,Random Pick Index,56.0%,Medium,0.813407304428691, https://leetcode.com/problems/random-pick-index,
148,Sort List,42.3%,Medium,0.807481396368967, https://leetcode.com/problems/sort-list,
118,Pascal's Triangle,52.5%,Easy,0.803944970044604, https://leetcode.com/problems/pascals-triangle,
104,Maximum Depth of Binary Tree,66.0%,Easy,0.802519737707732, https://leetcode.com/problems/maximum-depth-of-binary-tree,
658,Find K Closest Elements,40.9%,Medium,0.793091042550777, https://leetcode.com/problems/find-k-closest-elements,
1296,Divide Array in Sets of K Consecutive Numbers,53.8%,Medium,0.790736996609852, https://leetcode.com/problems/divide-array-in-sets-of-k-consecutive-numbers,
303,Range Sum Query - Immutable,44.7%,Easy,0.789789361893211, https://leetcode.com/problems/range-sum-query-immutable,
395,Longest Substring with At Least K Repeating Characters,41.4%,Medium,0.789237391605069, https://leetcode.com/problems/longest-substring-with-at-least-k-repeating-characters,
1277,Count Square Submatrices with All Ones,73.3%,Medium,0.786569729335201, https://leetcode.com/problems/count-square-submatrices-with-all-ones,
802,Find Eventual Safe States,48.9%,Medium,0.782731300163144, https://leetcode.com/problems/find-eventual-safe-states,
231,Power of Two,43.7%,Easy,0.781136552737552, https://leetcode.com/problems/power-of-two,
909,Snakes and Ladders,38.4%,Medium,0.77796744285676, https://leetcode.com/problems/snakes-and-ladders,
13,Roman to Integer,55.7%,Easy,0.77726353582141, https://leetcode.com/problems/roman-to-integer,
268,Missing Number,51.7%,Easy,0.7772085975161, https://leetcode.com/problems/missing-number,
632,Smallest Range Covering Elements from K Lists,52.4%,Hard,0.776712258905988, https://leetcode.com/problems/smallest-range-covering-elements-from-k-lists,
343,Integer Break,50.4%,Medium,0.771547373227285, https://leetcode.com/problems/integer-break,
424,Longest Repeating Character Replacement,47.0%,Medium,0.771399377459694, https://leetcode.com/problems/longest-repeating-character-replacement,
45,Jump Game II,30.6%,Hard,0.770419035809536, https://leetcode.com/problems/jump-game-ii,
421,Maximum XOR of Two Numbers in an Array,53.5%,Medium,0.768784594765565, https://leetcode.com/problems/maximum-xor-of-two-numbers-in-an-array,
153,Find Minimum in Rotated Sorted Array,45.1%,Medium,0.766582974157741, https://leetcode.com/problems/find-minimum-in-rotated-sorted-array,
432,All O`one Data Structure,32.4%,Hard,0.761188916557287, https://leetcode.com/problems/all-oone-data-structure,
887,Super Egg Drop,27.1%,Hard,0.755031903899097, https://leetcode.com/problems/super-egg-drop,
979,Distribute Coins in Binary Tree,68.9%,Medium,0.752091950433346, https://leetcode.com/problems/distribute-coins-in-binary-tree,
344,Reverse String,68.5%,Easy,0.751814562134336, https://leetcode.com/problems/reverse-string,
941,Valid Mountain Array,33.2%,Easy,0.751479490508858, https://leetcode.com/problems/valid-mountain-array,
1125,Smallest Sufficient Team,46.6%,Hard,0.747214401830221, https://leetcode.com/problems/smallest-sufficient-team,
312,Burst Balloons,51.8%,Hard,0.738329403353178, https://leetcode.com/problems/burst-balloons,
720,Longest Word in Dictionary,48.2%,Easy,0.73740927078918, https://leetcode.com/problems/longest-word-in-dictionary,
30,Substring with Concatenation of All Words,25.4%,Hard,0.724433610307932, https://leetcode.com/problems/substring-with-concatenation-of-all-words,
430,Flatten a Multilevel Doubly Linked List,55.1%,Medium,0.722922166743983, https://leetcode.com/problems/flatten-a-multilevel-doubly-linked-list,
70,Climbing Stairs,47.8%,Easy,0.722764240127044, https://leetcode.com/problems/climbing-stairs,
1444,Number of Ways of Cutting a Pizza,52.8%,Hard,0.72251307536431, https://leetcode.com/problems/number-of-ways-of-cutting-a-pizza,
210,Course Schedule II,40.7%,Medium,0.720309896916079, https://leetcode.com/problems/course-schedule-ii,
771,Jewels and Stones,86.4%,Easy,0.71921639689921, https://leetcode.com/problems/jewels-and-stones,
742,Closest Leaf in a Binary Tree,43.6%,Medium,0.719122666963206, https://leetcode.com/problems/closest-leaf-in-a-binary-tree,
450,Delete Node in a BST,43.1%,Medium,0.71900272981013, https://leetcode.com/problems/delete-node-in-a-bst,
109,Convert Sorted List to Binary Search Tree,47.7%,Medium,0.718283153831488, https://leetcode.com/problems/convert-sorted-list-to-binary-search-tree,
211,Add and Search Word - Data structure design,38.1%,Medium,0.717507027222477, https://leetcode.com/problems/add-and-search-word-data-structure-design,
804,Unique Morse Code Words,77.0%,Easy,0.713263677264885, https://leetcode.com/problems/unique-morse-code-words,
265,Paint House II,44.6%,Hard,0.710241613919246, https://leetcode.com/problems/paint-house-ii,
759,Employee Free Time,66.3%,Hard,0.697496364178447, https://leetcode.com/problems/employee-free-time,
16,3Sum Closest,46.0%,Medium,0.692674925533459, https://leetcode.com/problems/3sum-closest,
333,Largest BST Subtree,35.8%,Medium,0.692366844976064, https://leetcode.com/problems/largest-bst-subtree,
102,Binary Tree Level Order Traversal,54.6%,Medium,0.689403396796287, https://leetcode.com/problems/binary-tree-level-order-traversal,
18,4Sum,33.7%,Medium,0.687692170752181, https://leetcode.com/problems/4sum,
101,Symmetric Tree,46.8%,Easy,0.686086062101998, https://leetcode.com/problems/symmetric-tree,
9,Palindrome Number,48.4%,Easy,0.686009881888912, https://leetcode.com/problems/palindrome-number,
1326,Minimum Number of Taps to Open to Water a Garden,43.6%,Hard,0.685082620723215, https://leetcode.com/problems/minimum-number-of-taps-to-open-to-water-a-garden,
75,Sort Colors,47.3%,Medium,0.683592166954012, https://leetcode.com/problems/sort-colors,
1477,Find Two Non-overlapping Sub-arrays Each With Target Sum,30.0%,Medium,0.681774190387675, https://leetcode.com/problems/find-two-non-overlapping-sub-arrays-each-with-target-sum,
630,Course Schedule III,33.5%,Hard,0.675649586938983, https://leetcode.com/problems/course-schedule-iii,
1368,Minimum Cost to Make at Least One Valid Path in a Grid,54.3%,Hard,0.674253231199984, https://leetcode.com/problems/minimum-cost-to-make-at-least-one-valid-path-in-a-grid,
968,Binary Tree Cameras,37.5%,Hard,0.669776346792018, https://leetcode.com/problems/binary-tree-cameras,
748,Shortest Completing Word,56.7%,Easy,0.667761715865775, https://leetcode.com/problems/shortest-completing-word,
1031,Maximum Sum of Two Non-Overlapping Subarrays,57.9%,Medium,0.66535430397575, https://leetcode.com/problems/maximum-sum-of-two-non-overlapping-subarrays,
143,Reorder List,37.1%,Medium,0.664493617853899, https://leetcode.com/problems/reorder-list,
1023,Camelcase Matching,57.0%,Medium,0.65888823073893, https://leetcode.com/problems/camelcase-matching,
219,Contains Duplicate II,37.7%,Easy,0.656672452810235, https://leetcode.com/problems/contains-duplicate-ii,
1165,Single-Row Keyboard,84.8%,Easy,0.653775796922727, https://leetcode.com/problems/single-row-keyboard,
1136,Parallel Courses,61.1%,Hard,0.651865521586641, https://leetcode.com/problems/parallel-courses,
1265,Print Immutable Linked List in Reverse,94.6%,Medium,0.651075966639258, https://leetcode.com/problems/print-immutable-linked-list-in-reverse,
191,Number of 1 Bits,49.8%,Easy,0.645823220193146, https://leetcode.com/problems/number-of-1-bits,
830,Positions of Large Groups,49.6%,Easy,0.641049666340512, https://leetcode.com/problems/positions-of-large-groups,
174,Dungeon Game,32.3%,Hard,0.633321180592896, https://leetcode.com/problems/dungeon-game,
794,Valid Tic-Tac-Toe State,32.6%,Medium,0.625705899764413, https://leetcode.com/problems/valid-tic-tac-toe-state,
587,Erect the Fence,35.9%,Hard,0.623467259921956, https://leetcode.com/problems/erect-the-fence,
647,Palindromic Substrings,60.6%,Medium,0.613474677918892, https://leetcode.com/problems/palindromic-substrings,
278,First Bad Version,35.7%,Easy,0.612321402930645, https://leetcode.com/problems/first-bad-version,
243,Shortest Word Distance,61.0%,Easy,0.611325228812541, https://leetcode.com/problems/shortest-word-distance,
864,Shortest Path to Get All Keys,40.1%,Hard,0.606135803570316, https://leetcode.com/problems/shortest-path-to-get-all-keys,
78,Subsets,62.0%,Medium,0.605001630827664, https://leetcode.com/problems/subsets,
160,Intersection of Two Linked Lists,40.6%,Easy,0.604515302201482, https://leetcode.com/problems/intersection-of-two-linked-lists,
1312,Minimum Insertion Steps to Make a String Palindrome,58.1%,Hard,0.601438754070446, https://leetcode.com/problems/minimum-insertion-steps-to-make-a-string-palindrome,
29,Divide Two Integers,16.4%,Medium,0.600094050749452, https://leetcode.com/problems/divide-two-integers,
433,Minimum Genetic Mutation,41.8%,Medium,0.597837000755621, https://leetcode.com/problems/minimum-genetic-mutation,
449,Serialize and Deserialize BST,52.0%,Medium,0.597581431473657, https://leetcode.com/problems/serialize-and-deserialize-bst,
785,Is Graph Bipartite?,47.5%,Medium,0.596847811103845, https://leetcode.com/problems/is-graph-bipartite,
438,Find All Anagrams in a String,43.3%,Medium,0.596632685487742, https://leetcode.com/problems/find-all-anagrams-in-a-string,
799,Champagne Tower,35.8%,Medium,0.590017563763787, https://leetcode.com/problems/champagne-tower,
349,Intersection of Two Arrays,62.5%,Easy,0.58903908911237, https://leetcode.com/problems/intersection-of-two-arrays,
443,String Compression,41.3%,Easy,0.580994274341954, https://leetcode.com/problems/string-compression,
854,K-Similar Strings,38.2%,Hard,0.580955703965798, https://leetcode.com/problems/k-similar-strings,
416,Partition Equal Subset Sum,43.7%,Medium,0.580734106487365, https://leetcode.com/problems/partition-equal-subset-sum,
841,Keys and Rooms,64.3%,Medium,0.57641259346498, https://leetcode.com/problems/keys-and-rooms,
1140,Stone Game II,63.3%,Medium,0.575820245253544, https://leetcode.com/problems/stone-game-ii,
862,Shortest Subarray with Sum at Least K,24.6%,Hard,0.575565089343101, https://leetcode.com/problems/shortest-subarray-with-sum-at-least-k,
195,Tenth Line,33.0%,Easy,0.573288532594267, https://leetcode.com/problems/tenth-line,
175,Combine Two Tables,60.8%,Easy,0.572474615917112, https://leetcode.com/problems/combine-two-tables,
933,Number of Recent Calls,71.9%,Easy,0.568462392075716, https://leetcode.com/problems/number-of-recent-calls,
464,Can I Win,28.8%,Medium,0.567828019195451, https://leetcode.com/problems/can-i-win,
409,Longest Palindrome,50.3%,Easy,0.566157322978738, https://leetcode.com/problems/longest-palindrome,
572,Subtree of Another Tree,44.1%,Easy,0.564931564313216, https://leetcode.com/problems/subtree-of-another-tree,
806,Number of Lines To Write String,64.9%,Easy,0.562632381474848, https://leetcode.com/problems/number-of-lines-to-write-string,
81,Search in Rotated Sorted Array II,33.0%,Medium,0.56104250128221, https://leetcode.com/problems/search-in-rotated-sorted-array-ii,
440,K-th Smallest in Lexicographical Order,29.1%,Hard,0.560286253934391, https://leetcode.com/problems/k-th-smallest-in-lexicographical-order,
982,Triples with Bitwise AND Equal To Zero,55.6%,Hard,0.559615787935423, https://leetcode.com/problems/triples-with-bitwise-and-equal-to-zero,
452,Minimum Number of Arrows to Burst Balloons,49.6%,Medium,0.558439757436915, https://leetcode.com/problems/minimum-number-of-arrows-to-burst-balloons,
60,Permutation Sequence,38.4%,Hard,0.556508587092674, https://leetcode.com/problems/permutation-sequence,
136,Single Number,65.5%,Easy,0.551402168236254, https://leetcode.com/problems/single-number,
805,Split Array With Same Average,26.4%,Hard,0.544636673608948, https://leetcode.com/problems/split-array-with-same-average,
733,Flood Fill,55.3%,Easy,0.54345168666067, https://leetcode.com/problems/flood-fill,
778,Swim in Rising Water,53.1%,Hard,0.539824520983689, https://leetcode.com/problems/swim-in-rising-water,
321,Create Maximum Number,27.0%,Hard,0.538996500732687, https://leetcode.com/problems/create-maximum-number,
301,Remove Invalid Parentheses,43.3%,Hard,0.538844698075849, https://leetcode.com/problems/remove-invalid-parentheses,
895,Maximum Frequency Stack,60.6%,Hard,0.535302370192545, https://leetcode.com/problems/maximum-frequency-stack,
493,Reverse Pairs,25.2%,Hard,0.533474675548379, https://leetcode.com/problems/reverse-pairs,
51,N-Queens,46.6%,Hard,0.529655488339548, https://leetcode.com/problems/n-queens,
39,Combination Sum,56.1%,Medium,0.5268614501589, https://leetcode.com/problems/combination-sum,
267,Palindrome Permutation II,36.4%,Medium,0.519507175850818, https://leetcode.com/problems/palindrome-permutation-ii,
694,Number of Distinct Islands,56.0%,Medium,0.51581316527703, https://leetcode.com/problems/number-of-distinct-islands,
59,Spiral Matrix II,53.9%,Medium,0.514321297461525, https://leetcode.com/problems/spiral-matrix-ii,
122,Best Time to Buy and Sell Stock II,57.0%,Easy,0.505975169632241, https://leetcode.com/problems/best-time-to-buy-and-sell-stock-ii,
387,First Unique Character in a String,53.4%,Easy,0.504007845952814, https://leetcode.com/problems/first-unique-character-in-a-string,
374,Guess Number Higher or Lower,43.1%,Easy,0.503058594428331, https://leetcode.com/problems/guess-number-higher-or-lower,
542,01 Matrix,39.8%,Medium,0.502449755425161, https://leetcode.com/problems/01-matrix,
386,Lexicographical Numbers,51.6%,Medium,0.495043373662903, https://leetcode.com/problems/lexicographical-numbers,
232,Implement Queue using Stacks,49.6%,Easy,0.492225213031644, https://leetcode.com/problems/implement-queue-using-stacks,
531,Lonely Pixel I,59.0%,Medium,0.490910314065049, https://leetcode.com/problems/lonely-pixel-i,
1060,Missing Element in Sorted Array,54.5%,Medium,0.490398625766809, https://leetcode.com/problems/missing-element-in-sorted-array,
77,Combinations,54.7%,Medium,0.481735925245061, https://leetcode.com/problems/combinations,
1157,Online Majority Element In Subarray,39.0%,Hard,0.477627554356395, https://leetcode.com/problems/online-majority-element-in-subarray,
977,Squares of a Sorted Array,72.1%,Easy,0.475713418189413, https://leetcode.com/problems/squares-of-a-sorted-array,
352,Data Stream as Disjoint Intervals,47.3%,Hard,0.475160625355452, https://leetcode.com/problems/data-stream-as-disjoint-intervals,
690,Employee Importance,57.3%,Easy,0.474471472049461, https://leetcode.com/problems/employee-importance,
456,132 Pattern,28.9%,Medium,0.471396710501909, https://leetcode.com/problems/132-pattern,
26,Remove Duplicates from Sorted Array,45.1%,Easy,0.46886156418269, https://leetcode.com/problems/remove-duplicates-from-sorted-array,
1131,Maximum of Absolute Value Expression,53.0%,Medium,0.465253026487138, https://leetcode.com/problems/maximum-of-absolute-value-expression,
787,Cheapest Flights Within K Stops,39.3%,Medium,0.454142156503481, https://leetcode.com/problems/cheapest-flights-within-k-stops,
420,Strong Password Checker,14.0%,Hard,0.449117738265901, https://leetcode.com/problems/strong-password-checker,
385,Mini Parser,33.8%,Medium,0.446850324271019, https://leetcode.com/problems/mini-parser,
290,Word Pattern,37.0%,Easy,0.445804163376505, https://leetcode.com/problems/word-pattern,
1047,Remove All Adjacent Duplicates In String,68.6%,Easy,0.441715380009277, https://leetcode.com/problems/remove-all-adjacent-duplicates-in-string,
958,Check Completeness of a Binary Tree,52.1%,Medium,0.438290417721201, https://leetcode.com/problems/check-completeness-of-a-binary-tree,
1244,Design A Leaderboard,60.7%,Medium,0.431754366328062, https://leetcode.com/problems/design-a-leaderboard,
716,Max Stack,42.6%,Easy,0.428107584857924, https://leetcode.com/problems/max-stack,
698,Partition to K Equal Sum Subsets,45.0%,Medium,0.427258589274767, https://leetcode.com/problems/partition-to-k-equal-sum-subsets,
125,Valid Palindrome,36.7%,Easy,0.423612991924488, https://leetcode.com/problems/valid-palindrome,
950,Reveal Cards In Increasing Order,74.6%,Medium,0.421349918648188, https://leetcode.com/problems/reveal-cards-in-increasing-order,
741,Cherry Pickup,33.9%,Hard,0.420850026947644, https://leetcode.com/problems/cherry-pickup,
19,Remove Nth Node From End of List,35.2%,Medium,0.419184563384419, https://leetcode.com/problems/remove-nth-node-from-end-of-list,
1091,Shortest Path in Binary Matrix,38.2%,Medium,0.415065181837184, https://leetcode.com/problems/shortest-path-in-binary-matrix,
366,Find Leaves of Binary Tree,70.6%,Medium,0.413012313743547, https://leetcode.com/problems/find-leaves-of-binary-tree,
1504,Count Submatrices With All Ones,61.7%,Medium,0.412622196313255, https://leetcode.com/problems/count-submatrices-with-all-ones,
926,Flip String to Monotone Increasing,52.3%,Medium,0.407559349711279, https://leetcode.com/problems/flip-string-to-monotone-increasing,
719,Find K-th Smallest Pair Distance,31.5%,Hard,0.403163611119885, https://leetcode.com/problems/find-k-th-smallest-pair-distance,
442,Find All Duplicates in an Array,67.8%,Medium,0.402917336029366, https://leetcode.com/problems/find-all-duplicates-in-an-array,
6,ZigZag Conversion,36.3%,Medium,0.402428439646399, https://leetcode.com/problems/zigzag-conversion,
435,Non-overlapping Intervals,42.9%,Medium,0.399553760845107, https://leetcode.com/problems/non-overlapping-intervals,
350,Intersection of Two Arrays II,51.4%,Easy,0.386257837051043, https://leetcode.com/problems/intersection-of-two-arrays-ii,
790,Domino and Tromino Tiling,39.2%,Medium,0.385662480811985, https://leetcode.com/problems/domino-and-tromino-tiling,
1188,Design Bounded Blocking Queue,70.5%,Medium,0.382859722933799, https://leetcode.com/problems/design-bounded-blocking-queue,
216,Combination Sum III,56.6%,Medium,0.380572361141187, https://leetcode.com/problems/combination-sum-iii,
141,Linked List Cycle,41.1%,Easy,0.380391812340048, https://leetcode.com/problems/linked-list-cycle,
834,Sum of Distances in Tree,43.7%,Hard,0.379186223644324, https://leetcode.com/problems/sum-of-distances-in-tree,
662,Maximum Width of Binary Tree,41.0%,Medium,0.377317478575534, https://leetcode.com/problems/maximum-width-of-binary-tree,
924,Minimize Malware Spread,42.0%,Hard,0.376477571234912, https://leetcode.com/problems/minimize-malware-spread,
24,Swap Nodes in Pairs,50.4%,Medium,0.37220361497397, https://leetcode.com/problems/swap-nodes-in-pairs,
445,Add Two Numbers II,54.5%,Medium,0.369250624403809, https://leetcode.com/problems/add-two-numbers-ii,
1463,Cherry Pickup II,65.7%,Hard,0.36745148140812, https://leetcode.com/problems/cherry-pickup-ii,
1345,Jump Game IV,38.0%,Hard,0.363133899796418, https://leetcode.com/problems/jump-game-iv,
504,Base 7,46.2%,Easy,0.362601403676382, https://leetcode.com/problems/base-7,
28,Implement strStr(),34.5%,Easy,0.361581889511567, https://leetcode.com/problems/implement-strstr,
1223,Dice Roll Simulation,45.6%,Medium,0.357749635068498, https://leetcode.com/problems/dice-roll-simulation,
689,Maximum Sum of 3 Non-Overlapping Subarrays,46.3%,Hard,0.354898218567582, https://leetcode.com/problems/maximum-sum-of-3-non-overlapping-subarrays,
859,Buddy Strings,27.4%,Easy,0.348556975836285, https://leetcode.com/problems/buddy-strings,
726,Number of Atoms,49.0%,Hard,0.344429217521795, https://leetcode.com/problems/number-of-atoms,
483,Smallest Good Base,35.7%,Hard,0.339354082996102, https://leetcode.com/problems/smallest-good-base,
451,Sort Characters By Frequency,63.0%,Medium,0.336850469333395, https://leetcode.com/problems/sort-characters-by-frequency,
821,Shortest Distance to a Character,66.9%,Easy,0.333951756395878, https://leetcode.com/problems/shortest-distance-to-a-character,
960,Delete Columns to Make Sorted III,53.6%,Hard,0.333639373536909, https://leetcode.com/problems/delete-columns-to-make-sorted-iii,
426,Convert Binary Search Tree to Sorted Doubly Linked List,59.1%,Medium,0.33085424431699, https://leetcode.com/problems/convert-binary-search-tree-to-sorted-doubly-linked-list,
323,Number of Connected Components in an Undirected Graph,56.0%,Medium,0.329842883276059, https://leetcode.com/problems/number-of-connected-components-in-an-undirected-graph,
448,Find All Numbers Disappeared in an Array,55.9%,Easy,0.327429109246661, https://leetcode.com/problems/find-all-numbers-disappeared-in-an-array,
1062,Longest Repeating Substring,57.2%,Medium,0.326091520566652, https://leetcode.com/problems/longest-repeating-substring,
368,Largest Divisible Subset,38.0%,Medium,0.320273058469424, https://leetcode.com/problems/largest-divisible-subset,
272,Closest Binary Search Tree Value II,50.5%,Hard,0.31952267830744, https://leetcode.com/problems/closest-binary-search-tree-value-ii,
237,Delete Node in a Linked List,63.8%,Easy,0.316752501716941, https://leetcode.com/problems/delete-node-in-a-linked-list,
88,Merge Sorted Array,39.4%,Easy,0.310998708488906, https://leetcode.com/problems/merge-sorted-array,
119,Pascal's Triangle II,49.0%,Easy,0.308917748914684, https://leetcode.com/problems/pascals-triangle-ii,
706,Design HashMap,61.3%,Easy,0.306079437591497, https://leetcode.com/problems/design-hashmap,
113,Path Sum II,46.7%,Medium,0.303050102680095, https://leetcode.com/problems/path-sum-ii,
987,Vertical Order Traversal of a Binary Tree,36.6%,Medium,0.302306238097807, https://leetcode.com/problems/vertical-order-traversal-of-a-binary-tree,
564,Find the Closest Palindrome,19.7%,Hard,0.300754154019134, https://leetcode.com/problems/find-the-closest-palindrome,
131,Palindrome Partitioning,47.5%,Medium,0.300117555977455, https://leetcode.com/problems/palindrome-partitioning,
703,Kth Largest Element in a Stream,49.7%,Easy,0.300026834975862, https://leetcode.com/problems/kth-largest-element-in-a-stream,
204,Count Primes,31.5%,Easy,0.298447198913606, https://leetcode.com/problems/count-primes,
1229,Meeting Scheduler,52.7%,Medium,0.295560174509263, https://leetcode.com/problems/meeting-scheduler,
992,Subarrays with K Different Integers,48.6%,Hard,0.292148989483118, https://leetcode.com/problems/subarrays-with-k-different-integers,
74,Search a 2D Matrix,36.5%,Medium,0.291078456814055, https://leetcode.com/problems/search-a-2d-matrix,
1021,Remove Outermost Parentheses,78.0%,Easy,0.289337701969042, https://leetcode.com/problems/remove-outermost-parentheses,
758,Bold Words in String,46.0%,Easy,0.283575290499128, https://leetcode.com/problems/bold-words-in-string,
82,Remove Duplicates from Sorted List II,36.8%,Medium,0.282446458397836, https://leetcode.com/problems/remove-duplicates-from-sorted-list-ii,
328,Odd Even Linked List,55.7%,Medium,0.28080059393537, https://leetcode.com/problems/odd-even-linked-list,
1206,Design Skiplist,57.3%,Hard,0.279584862219162, https://leetcode.com/problems/design-skiplist,
525,Contiguous Array,42.8%,Medium,0.27702700455173, https://leetcode.com/problems/contiguous-array,
730,Count Different Palindromic Subsequences,41.8%,Hard,0.27443684570176, https://leetcode.com/problems/count-different-palindromic-subsequences,
765,Couples Holding Hands,54.3%,Hard,0.273806725958164, https://leetcode.com/problems/couples-holding-hands,
1237,Find Positive Integer Solution for a Given Equation,69.7%,Easy,0.272399546767977, https://leetcode.com/problems/find-positive-integer-solution-for-a-given-equation,
886,Possible Bipartition,44.2%,Medium,0.271727193519297, https://leetcode.com/problems/possible-bipartition,
1203,Sort Items by Groups Respecting Dependencies,47.6%,Hard,0.271109516969994, https://leetcode.com/problems/sort-items-by-groups-respecting-dependencies,
949,Largest Time for Given Digits,35.8%,Easy,0.26869908449857, https://leetcode.com/problems/largest-time-for-given-digits,
1155,Number of Dice Rolls With Target Sum,49.0%,Medium,0.266466233301508, https://leetcode.com/problems/number-of-dice-rolls-with-target-sum,
567,Permutation in String,44.4%,Medium,0.266179959679227, https://leetcode.com/problems/permutation-in-string,
764,Largest Plus Sign,46.0%,Medium,0.26159729523649, https://leetcode.com/problems/largest-plus-sign,
35,Search Insert Position,42.6%,Easy,0.260894229603167, https://leetcode.com/problems/search-insert-position,
1114,Print in Order,65.7%,Easy,0.25489224962879, https://leetcode.com/problems/print-in-order,
371,Sum of Two Integers,50.7%,Medium,0.252179650342984, https://leetcode.com/problems/sum-of-two-integers,
621,Task Scheduler,50.1%,Medium,0.249737140887657, https://leetcode.com/problems/task-scheduler,
530,Minimum Absolute Difference in BST,53.8%,Easy,0.247152091366219, https://leetcode.com/problems/minimum-absolute-difference-in-bst,
622,Design Circular Queue,43.8%,Medium,0.245492732410526, https://leetcode.com/problems/design-circular-queue,
980,Unique Paths III,73.3%,Hard,0.245122458032985, https://leetcode.com/problems/unique-paths-iii,
185,Department Top Three Salaries,34.5%,Hard,0.242803205989403, https://leetcode.com/problems/department-top-three-salaries,
501,Find Mode in Binary Search Tree,42.4%,Easy,0.240837820121262, https://leetcode.com/problems/find-mode-in-binary-search-tree,
402,Remove K Digits,28.4%,Medium,0.24067603007585, https://leetcode.com/problems/remove-k-digits,
87,Scramble String,33.7%,Hard,0.240385357748716, https://leetcode.com/problems/scramble-string,
496,Next Greater Element I,63.8%,Easy,0.238310343857699, https://leetcode.com/problems/next-greater-element-i,
747,Largest Number At Least Twice of Others,42.0%,Easy,0.237328186306166, https://leetcode.com/problems/largest-number-at-least-twice-of-others,
176,Second Highest Salary,31.6%,Easy,0.236779288661793, https://leetcode.com/problems/second-highest-salary,
665,Non-decreasing Array,19.5%,Easy,0.235319369931403, https://leetcode.com/problems/non-decreasing-array,
925,Long Pressed Name,40.5%,Easy,0.234288115867275, https://leetcode.com/problems/long-pressed-name,
397,Integer Replacement,32.9%,Medium,0.23225226751245, https://leetcode.com/problems/integer-replacement,
129,Sum Root to Leaf Numbers,49.1%,Medium,0.230806424059779, https://leetcode.com/problems/sum-root-to-leaf-numbers,
377,Combination Sum IV,45.3%,Medium,0.229871919842894, https://leetcode.com/problems/combination-sum-iv,
1044,Longest Duplicate Substring,31.9%,Hard,0.228914647806132, https://leetcode.com/problems/longest-duplicate-substring,
768,Max Chunks To Make Sorted II,48.7%,Hard,0.227678706479601, https://leetcode.com/problems/max-chunks-to-make-sorted-ii,
313,Super Ugly Number,45.0%,Medium,0.222520304176553, https://leetcode.com/problems/super-ugly-number,
942,DI String Match,72.6%,Easy,0.220183509685733, https://leetcode.com/problems/di-string-match,
931,Minimum Falling Path Sum,62.5%,Medium,0.218120802683746, https://leetcode.com/problems/minimum-falling-path-sum,
192,Word Frequency,25.8%,Medium,0.216148634442419, https://leetcode.com/problems/word-frequency,
832,Flipping an Image,76.2%,Easy,0.212011710945366, https://leetcode.com/problems/flipping-an-image,
503,Next Greater Element II,56.5%,Medium,0.20963047971711, https://leetcode.com/problems/next-greater-element-ii,
952,Largest Component Size by Common Factor,30.3%,Hard,0.206920715807322, https://leetcode.com/problems/largest-component-size-by-common-factor,
875,Koko Eating Bananas,52.1%,Medium,0.206150161226777, https://leetcode.com/problems/koko-eating-bananas,
145,Binary Tree Postorder Traversal,55.0%,Hard,0.205527481409272, https://leetcode.com/problems/binary-tree-postorder-traversal,
1138,Alphabet Board Path,48.4%,Medium,0.205263126036361, https://leetcode.com/problems/alphabet-board-path,
839,Similar String Groups,38.6%,Hard,0.203228241613268, https://leetcode.com/problems/similar-string-groups,
1254,Number of Closed Islands,60.5%,Medium,0.203124684423718, https://leetcode.com/problems/number-of-closed-islands,
179,Largest Number,28.8%,Medium,0.201622170319851, https://leetcode.com/problems/largest-number,
234,Palindrome Linked List,39.3%,Easy,0.201021753803392, https://leetcode.com/problems/palindrome-linked-list,
190,Reverse Bits,39.8%,Easy,0.200353976006261, https://leetcode.com/problems/reverse-bits,
714,Best Time to Buy and Sell Stock with Transaction Fee,54.7%,Medium,0.199665670251927, https://leetcode.com/problems/best-time-to-buy-and-sell-stock-with-transaction-fee,
477,Total Hamming Distance,50.4%,Medium,0.199665670251927, https://leetcode.com/problems/total-hamming-distance,
1095,Find in Mountain Array,35.8%,Hard,0.19891850477606, https://leetcode.com/problems/find-in-mountain-array,
827,Making A Large Island,45.7%,Hard,0.19801288658863, https://leetcode.com/problems/making-a-large-island,
705,Design HashSet,64.3%,Easy,0.195783023138287, https://leetcode.com/problems/design-hashset,
1286,Iterator for Combination,68.2%,Medium,0.195000015053726, https://leetcode.com/problems/iterator-for-combination,
791,Custom Sort String,65.7%,Medium,0.192283549522702, https://leetcode.com/problems/custom-sort-string,
1161,Maximum Level Sum of a Binary Tree,72.2%,Medium,0.192180585355857, https://leetcode.com/problems/maximum-level-sum-of-a-binary-tree,
1209,Remove All Adjacent Duplicates in String II,56.9%,Medium,0.191974988494597, https://leetcode.com/problems/remove-all-adjacent-duplicates-in-string-ii,
863,All Nodes Distance K in Binary Tree,55.4%,Medium,0.190199804717388, https://leetcode.com/problems/all-nodes-distance-k-in-binary-tree,
114,Flatten Binary Tree to Linked List,49.3%,Medium,0.190076873561433, https://leetcode.com/problems/flatten-binary-tree-to-linked-list,
678,Valid Parenthesis String,31.0%,Medium,0.187953761076811, https://leetcode.com/problems/valid-parenthesis-string,
100,Same Tree,53.4%,Easy,0.184731556816984, https://leetcode.com/problems/same-tree,
1466,Reorder Routes to Make All Paths Lead to the City Zero,63.5%,Medium,0.184003642976939, https://leetcode.com/problems/reorder-routes-to-make-all-paths-lead-to-the-city-zero,
27,Remove Element,48.2%,Easy,0.18246982575412, https://leetcode.com/problems/remove-element,
547,Friend Circles,58.6%,Medium,0.179703552680648, https://leetcode.com/problems/friend-circles,
83,Remove Duplicates from Sorted List,45.4%,Easy,0.176301774611451, https://leetcode.com/problems/remove-duplicates-from-sorted-list,
331,Verify Preorder Serialization of a Binary Tree,40.4%,Medium,0.171521939550249, https://leetcode.com/problems/verify-preorder-serialization-of-a-binary-tree,
144,Binary Tree Preorder Traversal,55.7%,Medium,0.169755677896148, https://leetcode.com/problems/binary-tree-preorder-traversal,
940,Distinct Subsequences II,41.5%,Hard,0.16917873135476, https://leetcode.com/problems/distinct-subsequences-ii,
309,Best Time to Buy and Sell Stock with Cooldown,47.4%,Medium,0.167756331883037, https://leetcode.com/problems/best-time-to-buy-and-sell-stock-with-cooldown,
330,Patching Array,34.5%,Hard,0.167054084663166, https://leetcode.com/problems/patching-array,
1143,Longest Common Subsequence,58.4%,Medium,0.16527749081369, https://leetcode.com/problems/longest-common-subsequence,
639,Decode Ways II,26.6%,Hard,0.159914384544008, https://leetcode.com/problems/decode-ways-ii,
404,Sum of Left Leaves,50.9%,Easy,0.159116456339492, https://leetcode.com/problems/sum-of-left-leaves,
151,Reverse Words in a String,21.9%,Medium,0.156697277326542, https://leetcode.com/problems/reverse-words-in-a-string,
965,Univalued Binary Tree,67.7%,Easy,0.156637323804911, https://leetcode.com/problems/univalued-binary-tree,
1366,Rank Teams by Votes,53.8%,Medium,0.155754529409233, https://leetcode.com/problems/rank-teams-by-votes,
326,Power of Three,42.1%,Easy,0.155237168141994, https://leetcode.com/problems/power-of-three,
414,Third Maximum Number,30.5%,Easy,0.15407631103237, https://leetcode.com/problems/third-maximum-number,
314,Binary Tree Vertical Order Traversal,45.3%,Medium,0.151486004673064, https://leetcode.com/problems/binary-tree-vertical-order-traversal,
1483,Kth Ancestor of a Tree Node,27.6%,Hard,0.145889273471123, https://leetcode.com/problems/kth-ancestor-of-a-tree-node,
713,Subarray Product Less Than K,39.1%,Medium,0.145435831984228, https://leetcode.com/problems/subarray-product-less-than-k,
181,Employees Earning More Than Their Managers,56.9%,Easy,0.144581228811108, https://leetcode.com/problems/employees-earning-more-than-their-managers,
1102,Path With Maximum Minimum Value,49.2%,Medium,0.144481582555233, https://leetcode.com/problems/path-with-maximum-minimum-value,
936,Stamping The Sequence,42.8%,Hard,0.143100843640673, https://leetcode.com/problems/stamping-the-sequence,
67,Add Binary,45.2%,Easy,0.139868611838233, https://leetcode.com/problems/add-binary,
554,Brick Wall,50.0%,Medium,0.138469674265105, https://leetcode.com/problems/brick-wall,
1029,Two City Scheduling,56.1%,Easy,0.138044220796205, https://leetcode.com/problems/two-city-scheduling,
934,Shortest Bridge,48.2%,Medium,0.137083387192617, https://leetcode.com/problems/shortest-bridge,
938,Range Sum of BST,81.3%,Easy,0.133201522920064, https://leetcode.com/problems/range-sum-of-bst,
199,Binary Tree Right Side View,54.1%,Medium,0.133192968076607, https://leetcode.com/problems/binary-tree-right-side-view,
668,Kth Smallest Number in Multiplication Table,45.6%,Hard,0.13308645379627, https://leetcode.com/problems/kth-smallest-number-in-multiplication-table,
123,Best Time to Buy and Sell Stock III,37.5%,Hard,0.129915008608747, https://leetcode.com/problems/best-time-to-buy-and-sell-stock-iii,
1025,Divisor Game,66.3%,Easy,0.127651811912448, https://leetcode.com/problems/divisor-game,
80,Remove Duplicates from Sorted Array II,44.0%,Medium,0.126040720895365, https://leetcode.com/problems/remove-duplicates-from-sorted-array-ii,
1218,Longest Arithmetic Subsequence of Given Difference,44.6%,Medium,0.123444191091122, https://leetcode.com/problems/longest-arithmetic-subsequence-of-given-difference,
177,Nth Highest Salary,31.4%,Medium,0.122477032359662, https://leetcode.com/problems/nth-highest-salary,
92,Reverse Linked List II,38.8%,Medium,0.120806645356131, https://leetcode.com/problems/reverse-linked-list-ii,
1123,Lowest Common Ancestor of Deepest Leaves,66.8%,Medium,0.120355441385903, https://leetcode.com/problems/lowest-common-ancestor-of-deepest-leaves,
1122,Relative Sort Array,67.7%,Easy,0.117120125456436, https://leetcode.com/problems/relative-sort-array,
948,Bag of Tokens,40.8%,Medium,0.115735952034659, https://leetcode.com/problems/bag-of-tokens,
812,Largest Triangle Area,58.3%,Easy,0.115069329784787, https://leetcode.com/problems/largest-triangle-area,
487,Max Consecutive Ones II,48.5%,Medium,0.114775514592428, https://leetcode.com/problems/max-consecutive-ones-ii,
669,Trim a Binary Search Tree,63.0%,Easy,0.114018578400941, https://leetcode.com/problems/trim-a-binary-search-tree,
674,Longest Continuous Increasing Subsequence,45.9%,Easy,0.113243035870096, https://leetcode.com/problems/longest-continuous-increasing-subsequence,
780,Reaching Points,29.4%,Hard,0.112337441214606, https://leetcode.com/problems/reaching-points,
40,Combination Sum II,48.2%,Medium,0.111453561111236, https://leetcode.com/problems/combination-sum-ii,
1447,Simplified Fractions,61.0%,Medium,0.109099913082923, https://leetcode.com/problems/simplified-fractions,
467,Unique Substrings in Wraparound String,35.6%,Medium,0.107341554935964, https://leetcode.com/problems/unique-substrings-in-wraparound-string,
872,Leaf-Similar Trees,64.5%,Easy,0.104785891910055, https://leetcode.com/problems/leaf-similar-trees,
142,Linked List Cycle II,37.3%,Medium,0.100193228041176, https://leetcode.com/problems/linked-list-cycle-ii,
717,1-bit and 2-bit Characters,48.8%,Easy,0.097459906106453, https://leetcode.com/problems/1-bit-and-2-bit-characters,
735,Asteroid Collision,41.0%,Medium,0.0954239519189023, https://leetcode.com/problems/asteroid-collision,
983,Minimum Cost For Tickets,60.5%,Medium,0.0952533954994915, https://leetcode.com/problems/minimum-cost-for-tickets,
583,Delete Operation for Two Strings,48.6%,Medium,0.0951085872222491, https://leetcode.com/problems/delete-operation-for-two-strings,
559,Maximum Depth of N-ary Tree,68.7%,Easy,0.0946830239355403, https://leetcode.com/problems/maximum-depth-of-n-ary-tree,
881,Boats to Save People,46.8%,Medium,0.0945088977101707, https://leetcode.com/problems/boats-to-save-people,
701,Insert into a Binary Search Tree,77.7%,Medium,0.0932816010706959, https://leetcode.com/problems/insert-into-a-binary-search-tree,
257,Binary Tree Paths,51.5%,Easy,0.0904002843051569, https://leetcode.com/problems/binary-tree-paths,
367,Valid Perfect Square,41.7%,Easy,0.0902162058237289, https://leetcode.com/problems/valid-perfect-square,
474,Ones and Zeroes,42.8%,Medium,0.0882926071456783, https://leetcode.com/problems/ones-and-zeroes,
1108,Defanging an IP Address,87.5%,Easy,0.0863211664480221, https://leetcode.com/problems/defanging-an-ip-address,
682,Baseball Game,63.7%,Easy,0.0851175150048191, https://leetcode.com/problems/baseball-game,
1245,Tree Diameter,60.1%,Medium,0.0833816089390511, https://leetcode.com/problems/tree-diameter,
1192,Critical Connections in a Network,48.6%,Hard,0.0816913832187163, https://leetcode.com/problems/critical-connections-in-a-network,
581,Shortest Unsorted Continuous Subarray,31.1%,Easy,0.0806108161458851, https://leetcode.com/problems/shortest-unsorted-continuous-subarray,
103,Binary Tree Zigzag Level Order Traversal,48.3%,Medium,0.0804602339188248, https://leetcode.com/problems/binary-tree-zigzag-level-order-traversal,
1325,Delete Leaves With a Given Value,73.0%,Medium,0.076633226020916, https://leetcode.com/problems/delete-leaves-with-a-given-value,
203,Remove Linked List Elements,38.6%,Easy,0.0766149110178477, https://leetcode.com/problems/remove-linked-list-elements,
989,Add to Array-Form of Integer,44.2%,Easy,0.0720888491920795, https://leetcode.com/problems/add-to-array-form-of-integer,
523,Continuous Subarray Sum,24.6%,Medium,0.0716638925140369, https://leetcode.com/problems/continuous-subarray-sum,
1300,Sum of Mutated Array Closest to Target,44.2%,Medium,0.0700812082531837, https://leetcode.com/problems/sum-of-mutated-array-closest-to-target,
657,Robot Return to Origin,73.5%,Easy,0.0682567654544492, https://leetcode.com/problems/robot-return-to-origin,
494,Target Sum,46.3%,Medium,0.0672115305572141, https://leetcode.com/problems/target-sum,
1027,Longest Arithmetic Sequence,53.4%,Medium,0.0669394826751093, https://leetcode.com/problems/longest-arithmetic-sequence,
997,Find the Town Judge,50.1%,Easy,0.065489845135115, https://leetcode.com/problems/find-the-town-judge,
1105,Filling Bookcase Shelves,58.1%,Medium,0.0646428562620855, https://leetcode.com/problems/filling-bookcase-shelves,
485,Max Consecutive Ones,54.6%,Easy,0.0632387159253245, https://leetcode.com/problems/max-consecutive-ones,
154,Find Minimum in Rotated Sorted Array II,41.6%,Hard,0.0624300068584125, https://leetcode.com/problems/find-minimum-in-rotated-sorted-array-ii,
811,Subdomain Visit Count,69.9%,Easy,0.0613271156985035, https://leetcode.com/problems/subdomain-visit-count,
472,Concatenated Words,43.7%,Hard,0.0612019652280757, https://leetcode.com/problems/concatenated-words,
905,Sort Array By Parity,74.1%,Easy,0.058564742549882, https://leetcode.com/problems/sort-array-by-parity,
1233,Remove Sub-Folders from the Filesystem,59.5%,Medium,0.0570768311354367, https://leetcode.com/problems/remove-sub-folders-from-the-filesystem,
1424,Diagonal Traverse II,42.4%,Medium,0.0512275892066734, https://leetcode.com/problems/diagonal-traverse-ii,
1267,Count Servers that Communicate,57.9%,Medium,0.0490294272403186, https://leetcode.com/problems/count-servers-that-communicate,
357,Count Numbers with Unique Digits,48.4%,Medium,0.0459322988974352, https://leetcode.com/problems/count-numbers-with-unique-digits,
654,Maximum Binary Tree,79.9%,Medium,0.0457862270040954, https://leetcode.com/problems/maximum-binary-tree,
1099,Two Sum Less Than K,60.6%,Easy,0.0451034733345948, https://leetcode.com/problems/two-sum-less-than-k,
680,Valid Palindrome II,36.6%,Easy,0.0447061750384169, https://leetcode.com/problems/valid-palindrome-ii,
1026,Maximum Difference Between Node and Ancestor,66.0%,Medium,0.0446724400515926, https://leetcode.com/problems/maximum-difference-between-node-and-ancestor,
901,Online Stock Span,60.2%,Medium,0.0414233174487773, https://leetcode.com/problems/online-stock-span,
1235,Maximum Profit in Job Scheduling,44.0%,Hard,0.0405735164471665, https://leetcode.com/problems/maximum-profit-in-job-scheduling,
819,Most Common Word,44.8%,Easy,0.0404606389166018, https://leetcode.com/problems/most-common-word,
1167,Minimum Cost to Connect Sticks,62.8%,Medium,0.0393751652348301, https://leetcode.com/problems/minimum-cost-to-connect-sticks,
643,Maximum Average Subarray I,41.5%,Easy,0.0368365773564903, https://leetcode.com/problems/maximum-average-subarray-i,
468,Validate IP Address,24.1%,Medium,0.0344861760711693, https://leetcode.com/problems/validate-ip-address,
1079,Letter Tile Possibilities,75.4%,Medium,0.0333364202675918, https://leetcode.com/problems/letter-tile-possibilities,
814,Binary Tree Pruning,74.5%,Medium,0.0311309185951732, https://leetcode.com/problems/binary-tree-pruning,
1179,Reformat Department Table,80.6%,Easy,0.0306537410910024, https://leetcode.com/problems/reformat-department-table,
779,K-th Symbol in Grammar,37.2%,Medium,0.0290506994220927, https://leetcode.com/problems/k-th-symbol-in-grammar,
917,Reverse Only Letters,58.0%,Easy,0.0286552557603761, https://leetcode.com/problems/reverse-only-letters,
709,To Lower Case,79.3%,Easy,0.0278053130803368, https://leetcode.com/problems/to-lower-case,
1342,Number of Steps to Reduce a Number to Zero,86.3%,Easy,0.027616528967847, https://leetcode.com/problems/number-of-steps-to-reduce-a-number-to-zero,
783,Minimum Distance Between BST Nodes,52.6%,Easy,0.0261966519465707, https://leetcode.com/problems/minimum-distance-between-bst-nodes,
1051,Height Checker,71.1%,Easy,0.025620530325348, https://leetcode.com/problems/height-checker,
541,Reverse String II,48.4%,Easy,0.0253498998955264, https://leetcode.com/problems/reverse-string-ii,
1089,Duplicate Zeros,52.9%,Easy,0.0193971598827351, https://leetcode.com/problems/duplicate-zeros,
1365,How Many Numbers Are Smaller Than the Current Number,85.6%,Easy,0.0159267213670781, https://leetcode.com/problems/how-many-numbers-are-smaller-than-the-current-number,
1313,Decompress Run-Length Encoded List,85.1%,Easy,0.012088391385968, https://leetcode.com/problems/decompress-run-length-encoded-list,
1281,Subtract the Product and Sum of Digits of an Integer,85.2%,Easy,0.0109082074254643, https://leetcode.com/problems/subtract-the-product-and-sum-of-digits-of-an-integer,
1480,Running Sum of 1d Array,90.5%,Easy,0.0104378271668412, https://leetcode.com/problems/running-sum-of-1d-array,
700,Search in a Binary Search Tree,73.1%,Easy,0.00851250086017123, https://leetcode.com/problems/search-in-a-binary-search-tree,
1530,Number of Good Leaf Nodes Pairs,53.6%,Medium,0.00578036291549944, https://leetcode.com/problems/number-of-good-leaf-nodes-pairs,
545,Boundary of Binary Tree,38.9%,Medium,0, https://leetcode.com/problems/boundary-of-binary-tree,
644,Maximum Average Subarray II,32.0%,Hard,0, https://leetcode.com/problems/maximum-average-subarray-ii,
481,Magical String,47.5%,Medium,0, https://leetcode.com/problems/magical-string,
506,Relative Ranks,50.5%,Easy,0, https://leetcode.com/problems/relative-ranks,
514,Freedom Trail,43.0%,Hard,0, https://leetcode.com/problems/freedom-trail,
520,Detect Capital,54.2%,Easy,0, https://leetcode.com/problems/detect-capital,
521,Longest Uncommon Subsequence I ,57.6%,Easy,0, https://leetcode.com/problems/longest-uncommon-subsequence-i,
522,Longest Uncommon Subsequence II,34.0%,Medium,0, https://leetcode.com/problems/longest-uncommon-subsequence-ii,
526,Beautiful Arrangement,57.8%,Medium,0, https://leetcode.com/problems/beautiful-arrangement,
533,Lonely Pixel II,47.9%,Medium,0, https://leetcode.com/problems/lonely-pixel-ii,
569,Median Employee Salary,57.7%,Hard,0, https://leetcode.com/problems/median-employee-salary,
638,Shopping Offers,51.5%,Medium,0, https://leetcode.com/problems/shopping-offers,
651,4 Keys Keyboard,52.5%,Medium,0, https://leetcode.com/problems/4-keys-keyboard,
656,Coin Path,29.0%,Hard,0, https://leetcode.com/problems/coin-path,
667,Beautiful Arrangement II,54.3%,Medium,0, https://leetcode.com/problems/beautiful-arrangement-ii,
756,Pyramid Transition Matrix,54.6%,Medium,0, https://leetcode.com/problems/pyramid-transition-matrix,
782,Transform to Chessboard,46.5%,Hard,0, https://leetcode.com/problems/transform-to-chessboard,
789,Escape The Ghosts,57.4%,Medium,0, https://leetcode.com/problems/escape-the-ghosts,
808,Soup Servings,39.9%,Medium,0, https://leetcode.com/problems/soup-servings,
813,Largest Sum of Averages,49.9%,Medium,0, https://leetcode.com/problems/largest-sum-of-averages,
816,Ambiguous Coordinates,47.2%,Medium,0, https://leetcode.com/problems/ambiguous-coordinates,
838,Push Dominoes,48.5%,Medium,0, https://leetcode.com/problems/push-dominoes,
847,Shortest Path Visiting All Nodes,52.0%,Hard,0, https://leetcode.com/problems/shortest-path-visiting-all-nodes,
879,Profitable Schemes,39.8%,Hard,0, https://leetcode.com/problems/profitable-schemes,
519,Random Flip Matrix,36.7%,Medium,0, https://leetcode.com/problems/random-flip-matrix,
906,Super Palindromes,32.7%,Hard,0, https://leetcode.com/problems/super-palindromes,
916,Word Subsets,47.8%,Medium,0, https://leetcode.com/problems/word-subsets,
944,Delete Columns to Make Sorted,70.3%,Easy,0, https://leetcode.com/problems/delete-columns-to-make-sorted,
919,Complete Binary Tree Inserter,57.3%,Medium,0, https://leetcode.com/problems/complete-binary-tree-inserter,
954,Array of Doubled Pairs,35.6%,Medium,0, https://leetcode.com/problems/array-of-doubled-pairs,
955,Delete Columns to Make Sorted II,33.2%,Medium,0, https://leetcode.com/problems/delete-columns-to-make-sorted-ii,
962,Maximum Width Ramp,45.4%,Medium,0, https://leetcode.com/problems/maximum-width-ramp,
988,Smallest String Starting From Leaf,46.1%,Medium,0, https://leetcode.com/problems/smallest-string-starting-from-leaf,
1059,All Paths from Source Lead to Destination,44.7%,Medium,0, https://leetcode.com/problems/all-paths-from-source-lead-to-destination,
1012,Numbers With Repeated Digits,37.5%,Hard,0, https://leetcode.com/problems/numbers-with-repeated-digits,
1015,Smallest Integer Divisible by K,32.1%,Medium,0, https://leetcode.com/problems/smallest-integer-divisible-by-k,
1016,Binary String With Substrings Representing 1 To N,58.8%,Medium,0, https://leetcode.com/problems/binary-string-with-substrings-representing-1-to-n,
1020,Number of Enclaves,57.8%,Medium,0, https://leetcode.com/problems/number-of-enclaves,
1037,Valid Boomerang,37.9%,Easy,0, https://leetcode.com/problems/valid-boomerang,
1182,Shortest Distance to Target Color,52.8%,Medium,0, https://leetcode.com/problems/shortest-distance-to-target-color,
1199,Minimum Time to Build Blocks,37.4%,Hard,0, https://leetcode.com/problems/minimum-time-to-build-blocks,
1078,Occurrences After Bigram,64.7%,Easy,0, https://leetcode.com/problems/occurrences-after-bigram,
1090,Largest Values From Labels,58.9%,Medium,0, https://leetcode.com/problems/largest-values-from-labels,
1272,Remove Interval,58.6%,Medium,0, https://leetcode.com/problems/remove-interval,
1287,Element Appearing More Than 25% In Sorted Array,60.2%,Easy,0, https://leetcode.com/problems/element-appearing-more-than-25-in-sorted-array,
1289,Minimum Falling Path Sum II,60.9%,Hard,0, https://leetcode.com/problems/minimum-falling-path-sum-ii,
1314,Matrix Block Sum,73.7%,Medium,0, https://leetcode.com/problems/matrix-block-sum,
1316,Distinct Echo Substrings,46.4%,Hard,0, https://leetcode.com/problems/distinct-echo-substrings,
1144,Decrease Elements To Make Array Zigzag,45.4%,Medium,0, https://leetcode.com/problems/decrease-elements-to-make-array-zigzag,
1147,Longest Chunked Palindrome Decomposition,58.6%,Hard,0, https://leetcode.com/problems/longest-chunked-palindrome-decomposition,
1302,Deepest Leaves Sum,83.6%,Medium,0, https://leetcode.com/problems/deepest-leaves-sum,
1331,Rank Transform of an Array,58.0%,Easy,0, https://leetcode.com/problems/rank-transform-of-an-array,
1184,Distance Between Bus Stops,54.5%,Easy,0, https://leetcode.com/problems/distance-between-bus-stops,
1207,Unique Number of Occurrences,71.6%,Easy,0, https://leetcode.com/problems/unique-number-of-occurrences,
1514,Path with Maximum Probability,36.5%,Medium,0, https://leetcode.com/problems/path-with-maximum-probability,
1261,Find Elements in a Contaminated Binary Tree,74.3%,Medium,0, https://leetcode.com/problems/find-elements-in-a-contaminated-binary-tree,
1269,Number of Ways to Stay in the Same Place After Some Steps,43.2%,Hard,0, https://leetcode.com/problems/number-of-ways-to-stay-in-the-same-place-after-some-steps,
1270,All People Report to the Given Manager,87.1%,Medium,0, https://leetcode.com/problems/all-people-report-to-the-given-manager,
1346,Check If N and Its Double Exist,37.9%,Easy,0, https://leetcode.com/problems/check-if-n-and-its-double-exist,
1387,Sort Integers by The Power Value,70.2%,Medium,0, https://leetcode.com/problems/sort-integers-by-the-power-value,
1388,Pizza With 3n Slices,44.7%,Hard,0, https://leetcode.com/problems/pizza-with-3n-slices,
1377,Frog Position After T Seconds,33.6%,Hard,0, https://leetcode.com/problems/frog-position-after-t-seconds,
1401,Circle and Rectangle Overlapping,41.8%,Medium,0, https://leetcode.com/problems/circle-and-rectangle-overlapping,
1392,Longest Happy Prefix,40.1%,Hard,0, https://leetcode.com/problems/longest-happy-prefix,
1414,Find the Minimum Number of Fibonacci Numbers Whose Sum Is K,63.2%,Medium,0, https://leetcode.com/problems/find-the-minimum-number-of-fibonacci-numbers-whose-sum-is-k,
1422,Maximum Score After Splitting a String,54.7%,Easy,0, https://leetcode.com/problems/maximum-score-after-splitting-a-string,
1449,Form Largest Integer With Digits That Add up to Target,41.8%,Hard,0, https://leetcode.com/problems/form-largest-integer-with-digits-that-add-up-to-target,
1441,Build an Array With Stack Operations,68.7%,Easy,0, https://leetcode.com/problems/build-an-array-with-stack-operations,
1461,Check If a String Contains All Binary Codes of Size K,44.6%,Medium,0, https://leetcode.com/problems/check-if-a-string-contains-all-binary-codes-of-size-k,
1452,People Whose List of Favorite Companies Is Not a Subset of Another List,53.3%,Medium,0, https://leetcode.com/problems/people-whose-list-of-favorite-companies-is-not-a-subset-of-another-list,
1471,The k Strongest Values in an Array,57.0%,Medium,0, https://leetcode.com/problems/the-k-strongest-values-in-an-array,
1494,Parallel Courses II,32.0%,Hard,0, https://leetcode.com/problems/parallel-courses-ii,
1482,Minimum Number of Days to Make m Bouquets,45.8%,Medium,0, https://leetcode.com/problems/minimum-number-of-days-to-make-m-bouquets,
1488,Avoid Flood in The City,25.3%,Medium,0, https://leetcode.com/problems/avoid-flood-in-the-city,
1508,Range Sum of Sorted Subarray Sums,68.3%,Medium,0, https://leetcode.com/problems/range-sum-of-sorted-subarray-sums,
1509,Minimum Difference Between Largest and Smallest Value in Three Moves,51.0%,Medium,0, https://leetcode.com/problems/minimum-difference-between-largest-and-smallest-value-in-three-moves,
1498,Number of Subsequences That Satisfy the Given Sum Condition,36.7%,Medium,0, https://leetcode.com/problems/number-of-subsequences-that-satisfy-the-given-sum-condition,
1499,Max Value of Equation,44.4%,Hard,0, https://leetcode.com/problems/max-value-of-equation,
1503,Last Moment Before All Ants Fall Out of a Plank,51.5%,Medium,0, https://leetcode.com/problems/last-moment-before-all-ants-fall-out-of-a-plank,
1525,Number of Good Ways to Split a String,69.8%,Medium,0, https://leetcode.com/problems/number-of-good-ways-to-split-a-string,
1526,Minimum Number of Increments on Subarrays to Form a Target Array,57.7%,Hard,0, https://leetcode.com/problems/minimum-number-of-increments-on-subarrays-to-form-a-target-array,
1513,Number of Substrings With Only 1s,40.3%,Medium,0, https://leetcode.com/problems/number-of-substrings-with-only-1s,
1546,Maximum Number of Non-Overlapping Subarrays With Sum Equals Target,40.6%,Medium,0, https://leetcode.com/problems/maximum-number-of-non-overlapping-subarrays-with-sum-equals-target,
1506,Find Root of N-Ary Tree,80.0%,Medium,0, https://leetcode.com/problems/find-root-of-n-ary-tree,
1516,Move Sub-Tree of N-Ary Tree,60.1%,Hard,0, https://leetcode.com/problems/move-sub-tree-of-n-ary-tree,
1544,Make The String Great,54.4%,Easy,0, https://leetcode.com/problems/make-the-string-great,
1538,Guess the Majority in a Hidden Array,63.2%,Medium,0, https://leetcode.com/problems/guess-the-majority-in-a-hidden-array,
